LOUXDWDEVC2232,10
LOUXDWDEVC2251,10
LOUXDWDEVC2257,10
LOUXDWDEVC2259,10
LOUXDWDEVC2262,10
LOUXDWDEVC2269,10
LOUXDWDEVC2273,10
LOUXDWDEVC2278,10
LOUXDWDEVC2282,10
LOUXDWDEVC2287,10
LOUXDWDEVC2296,10
LOUXDWDEVC2297,10
LOUXDWDEVC2305,10
LOUXDWDEVC2308,10
LOUXDWDEVC2311,10
LOUXDWDEVC2314,10
LOUXDWDEVC2316,10
LOUXDWDEVC2318,10
LOUXDWDEVC2330,10
LOUXDWDEVC2348,10
LOUXDWDEVC2351,10
LOUXDWDEVC2387,10
LOUXDWDEVC2402,10
LOUXDWDEVC2410,10
LOUXDWDEVC2445,10
LOUXDWDEVC2447,10
LOUXDWDEVC2462,10
LOUXDWDEVC2484,10
LOUXDWDEVC2509,10
LOUXDWDEVC2512,10
LOUXDWDEVC2527,10
LOUXDWDEVC2545,10
LOUXDWDEVC2557,10
LOUXDWDEVC2609,10
LOUXDWDEVC2613,10
LOUXDWDEVC2628,10
LOUXDWDEVC2651,10
LOUXDWSTDB0011,10
LOUXDWSTDB0039,10
LOUXDWSTDB0044,10
LOUXDWSTDB0055,10
LOUXDWSTDB0065,10
LOUXDWSTDB0079,10
LOUXDWSTDB0080,10
LOUXDWSTDB0081,10
LOUXDWSTDB0082,10
LOUXDWSTDB0084,10
LOUXDWSTDB0098,10
LOUXDWSTDB0099,10
LOUXDWSTDB0104,10
LOUXDWSTDB0119,10
LOUXDWSTDB0185,10
LOUXDWSTDB0201,10
LOUXDWSTDB0209,10
LOUXDWSTDB0214,10
LOUXDWSTDB0223,10
LOUXDWSTDB0235,10
LOUXDWSTDB0253,10
LOUXDWSTDB0268,10
LOUXDWSTDB0271,10
LOUXDWSTDB0279,10
LOUXDWSTDB0300,10
LOUXDWSTDB0305,10
LOUXDWSTDB0316,10
LOUXDWSTDB0321,10
LOUXDWSTDB0327,10
LOUXDWSTDB0331,10
LOUXDWSTDB0337,10
LOUXDWSTDB0339,10
LOUXDWSTDB0345,10
LOUXDWSTDB0365,10
LOUXDWSTDB0376,10
LOUXDWSTDB0397,10
LOUXDWSTDB0400,10
LOUXDWSTDB0413,10
LOUXDWSTDB0422,10
LOUXDWSTDB0435,10
LOUXDWSTDB0436,10
LOUXDWSTDB0453,10
LOUXDWSTDB0457,10
LOUXDWSTDB0459,10
LOUXDWSTDB0463,10
LOUXDWSTDB0483,10
LOUXDWSTDB0486,10
LOUXDWSTDB0504,10
LOUXDWSTDB0506,10
LOUXDWSTDB0510,10
LOUXDWSTDB0515,10
LOUXDWSTDB0518,10
LOUXDWSTDB0519,10
LOUXDWSTDB0521,10
LOUXDWSTDB0524,10
LOUXDWSTDB0554,10
LOUXDWSTDB0559,10
LOUXDWSTDB0565,10
LOUXDWSTDB0567,10
LOUXDWSTDB0584,10
LOUXDWSTDB0585,10
LOUXDWSTDB0592,10
LOUXDWSTDB0595,10
LOUXDWSTDB0598,10
LOUXDWSTDB0605,10
LOUXDWSTDB0623,10
LOUXDWSTDB0624,10
LOUXDWSTDB0627,10
LOUXDWSTDB0648,10
LOUXDWSTDB0658,10
LOUXDWSTDB0686,10
LOUXDWSTDB0691,10
LOUXDWSTDB0692,10
LOUXDWSTDB0693,10
LOUXDWSTDB0700,10
LOUXDWSTDB0705,10
LOUXDWSTDB0710,10
LOUXDWSTDB0725,10
LOUXDWSTDB0747,10
LOUXDWSTDB0753,10
LOUXDWSTDB0758,10
LOUXDWSTDB0760,10
LOUXDWSTDB0764,10
LOUXDWSTDB0766,10
LOUXDWSTDB0791,10
LOUXDWSTDB0796,10
LOUXDWSTDB0800,10
LOUXDWSTDB0802,10
LOUXDWSTDB0806,10
LOUXDWSTDB0812,10
LOUXDWSTDB0815,10
LOUXDWSTDB0831,10
LOUXDWSTDB0841,10
LOUXDWSTDB0844,10
LOUXDWSTDB0845,10
LOUXDWSTDB0849,10
LOUXDWSTDB0853,10
LOUXDWSTDB0864,10
LOUXDWSTDB0880,10
LOUXDWSTDB0881,10
LOUXDWSTDB0899,10
LOUXDWSTDC0093,10
LOUXDWSTDC0149,10
LOUXDWSTDC0226,10
LOUXDWTSSA0009,10
LOUXDWTSSA0014,10
LOUXDWTSSA0023,10
LOUXDWTSSA0028,10
LOUXDWTSSA0042,10
LOUXDWTSSA0044,10
LOUXDWTSSA0062,10
LOUXDWTSSA0065,10
LOUXDWTSSA0089,10
LOUXDWTSSA0142,10
LOUXDWTSSA0151,10
LOUXDWTSSA0159,10
LOUXDWTSSA0179,10
LOUXDWTSSA0212,10
LOUXDWTSSA0214,10
LOUXDWTSSA0216,10
LOUXDWTSSA0242,10
LOUXDWTSSA0258,10
LOUXDWTSSA0262,10
LOUXDWTSSB0019,10
LOUXDWVIPA0004,10
LOUXDWVIPA0007,10
LOUXDWVIPA0009,10
LOUXDWVIPA0014,10
LOUXDWVIPA0021,10
LOUXDWVIPA0037,10
LOUXDWVIPA0045,10
LOUXDWVIPA0053,10
LOUXDWVIPA0055,10
LOUXDWVIPA0056,10
LOUXDWVIPA0065,10
LOUXDWVIPA0066,10
LOUXDWVIPA0067,10
LOUXDWVIPB0027,10
LOUXDWVIPB0029,10
LOUXDWVIPB0031,10
LOUXDWVIPB0032,10
LOUXDWVIPB0033,10
LOUXDWVIPB0047,10
LOUXDWVIPB0049,10
SIMXDWDEVA0024,10
SIMXDWDEVA0101,10
SIMXDWDEVA0136,10
SIMXDWDEVA0138,10
SIMXDWDEVA0250,10
SIMXDWDEVA0292,10
SIMXDWDEVA0298,10
SIMXDWDEVA0333,10
SIMXDWDEVA0364,10
SIMXDWDEVA0399,10
SIMXDWDEVA0428,10
SIMXDWDEVA0501,10
SIMXDWDEVA0547,10
SIMXDWDEVA0603,10
SIMXDWDEVA0638,10
SIMXDWDEVA0646,10
SIMXDWDEVA0649,10
SIMXDWDEVA0699,10
SIMXDWDEVA0702,10
SIMXDWDEVA0728,10
SIMXDWDEVA0815,10
SIMXDWDEVA0828,10
SIMXDWDEVA0845,10
SIMXDWDEVA0850,10
SIMXDWDEVA0851,10
SIMXDWDEVA0919,10
SIMXDWDEVA0929,10
SIMXDWDEVB0003,10
SIMXDWDEVB0022,10
SIMXDWDEVB0061,10
SIMXDWDEVB0079,10
SIMXDWDEVB0114,10
SIMXDWDEVB0121,10
SIMXDWDEVB0123,10
SIMXDWDEVB0139,10
SIMXDWDEVB0154,10
SIMXDWDEVB0163,10
SIMXDWDEVB0169,10
SIMXDWDEVB0219,10
SIMXDWDEVB0228,10
SIMXDWDEVB0243,10
SIMXDWDEVB0249,10
SIMXDWDEVB0285,10
SIMXDWDEVB0291,10
SIMXDWDEVB0303,10
SIMXDWDEVB0351,10
SIMXDWDEVB0353,10
SIMXDWDEVB0354,10
SIMXDWDEVB0392,10
SIMXDWDEVB0393,10
SIMXDWDEVB0394,10
SIMXDWDEVB0423,10
SIMXDWDEVB0445,10
SIMXDWDEVB0452,10
SIMXDWDEVB0459,10
SIMXDWDEVB0463,10
SIMXDWDEVB0525,10
SIMXDWDEVB0531,10
SIMXDWDEVB0535,10
SIMXDWDEVB0544,10
SIMXDWDEVB0559,10
SIMXDWDEVB0561,10
SIMXDWDEVB0569,10
SIMXDWDEVB0582,10
SIMXDWDEVB0603,10
SIMXDWDEVB0609,10
SIMXDWDEVB0615,10
SIMXDWDEVB0620,10
SIMXDWDEVB0625,10
SIMXDWDEVB0629,10
SIMXDWDEVB0634,10
SIMXDWDEVB0639,10
SIMXDWDEVB0650,10
SIMXDWDEVB0671,10
SIMXDWDEVB0675,10
SIMXDWDEVB0676,10
SIMXDWDEVB0719,10
SIMXDWDEVB0733,10
SIMXDWDEVB0747,10
SIMXDWDEVB0802,10
SIMXDWDEVB0807,10
SIMXDWDEVB0811,10
SIMXDWDEVB0814,10
SIMXDWDEVB0817,10
SIMXDWDEVB0818,10
SIMXDWDEVB0836,10
SIMXDWDEVB0877,10
SIMXDWDEVB0884,10
SIMXDWDEVB0886,10
SIMXDWDEVB0905,10
SIMXDWDEVB0915,10
SIMXDWDEVB0916,10
SIMXDWDEVB0917,10
SIMXDWDEVB0923,10
SIMXDWDEVB0925,10
SIMXDWDEVB0927,10
SIMXDWDEVB0930,10
SIMXDWDEVB0968,10
SIMXDWDEVB0969,10
SIMXDWDEVB0971,10
SIMXDWDEVB0994,10
SIMXDWDEVB1001,10
SIMXDWDEVB1003,10
SIMXDWDEVB1004,10
SIMXDWDEVB1026,10
SIMXDWDEVB1043,10
SIMXDWDEVB1054,10
SIMXDWDEVB1079,10
SIMXDWDEVB1103,10
SIMXDWDEVB1123,10
SIMXDWDEVB1130,10
SIMXDWDEVB1140,10
SIMXDWDEVB1142,10
SIMXDWDEVB1159,10
SIMXDWDEVB1162,10
SIMXDWDEVB1173,10
SIMXDWDEVB1219,10
SIMXDWDEVB1229,10
SIMXDWDEVB1236,10
SIMXDWDEVB1260,10
SIMXDWDEVB1287,10
SIMXDWDEVB1301,10
SIMXDWDEVB1344,10
SIMXDWDEVB1352,10
SIMXDWDEVB1401,10
SIMXDWDEVB1403,10
SIMXDWDEVB1419,10
SIMXDWDEVB1420,10
SIMXDWDEVB1465,10
SIMXDWDEVB1531,10
SIMXDWDEVB1571,10
SIMXDWDEVB1627,10
SIMXDWDEVB1640,10
SIMXDWDEVB1666,10
SIMXDWDEVB1673,10
SIMXDWDEVB1730,10
SIMXDWDEVB1731,10
SIMXDWDEVB1736,10
SIMXDWDEVB1785,10
SIMXDWDEVB1818,10
SIMXDWDEVB1842,10
SIMXDWDEVB1888,10
SIMXDWDEVB1900,10
SIMXDWDEVB1910,10
SIMXDWDEVB1963,10
SIMXDWDEVB1966,10
SIMXDWDEVB2048,10
SIMXDWDEVB2052,10
SIMXDWDEVB2055,10
SIMXDWDEVB2056,10
SIMXDWDEVB2078,10
SIMXDWDEVB2086,10
SIMXDWDEVB2091,10
SIMXDWDEVB2103,10
SIMXDWDEVB2105,10
SIMXDWDEVB2115,10
SIMXDWDEVB2125,10
SIMXDWDEVB2129,10
SIMXDWDEVB2134,10
SIMXDWDEVB2137,10
SIMXDWDEVB2148,10
SIMXDWDEVB2155,10
SIMXDWDEVB2174,10
SIMXDWDEVB2178,10
SIMXDWDEVB2201,10
SIMXDWDEVB2214,10
SIMXDWDEVB2215,10
SIMXDWDEVB2216,10
SIMXDWDEVB2217,10
SIMXDWDEVB2221,10
SIMXDWDEVB2229,10
SIMXDWDEVB2237,10
SIMXDWDEVB2253,10
SIMXDWDEVB2267,10
SIMXDWDEVB2294,10
SIMXDWDEVB2315,10
SIMXDWDEVB2337,10
SIMXDWDEVB2374,10
SIMXDWDEVB2401,10
SIMXDWDEVB2412,10
SIMXDWDEVB2667,10
SIMXDWDEVC0278,10
SIMXDWDEVC0821,10
SIMXDWDEVC0856,10
SIMXDWDEVC0903,10
SIMXDWDEVC1075,10
SIMXDWDEVC1087,10
SIMXDWDEVC1138,10
SIMXDWDEVC1234,10
SIMXDWDEVC1237,10
SIMXDWDEVC1281,10
SIMXDWDEVC2011,10
SIMXDWDEVC2018,10
SIMXDWDEVC2023,10
SIMXDWDEVC2024,10
SIMXDWDEVC2026,10
SIMXDWDEVC2027,10
SIMXDWDEVC2028,10
SIMXDWDEVC2037,10
SIMXDWDEVC2051,10
SIMXDWDEVC2052,10
SIMXDWDEVC2059,10
SIMXDWDEVC2072,10
SIMXDWDEVC2076,10
SIMXDWDEVC2088,10
SIMXDWDEVC2089,10
SIMXDWDEVC2093,10
SIMXDWDEVC2099,10
SIMXDWDEVC2100,10
SIMXDWDEVC2101,10
SIMXDWDEVC2125,10
SIMXDWDEVC2126,10
SIMXDWDEVC2145,10
SIMXDWDEVC2165,10
SIMXDWDEVC2175,10
SIMXDWDEVC2192,10
SIMXDWDEVC2194,10
SIMXDWDEVC2210,10
SIMXDWDEVC2261,10
