SIMXDWDEVC1311,SIMXDWDEV-U-C2,Windows7_DEV_C
SIMXDWDEVC1312,SIMXDWDEV-U-C2,Windows7_DEV_C
SIMXDWDEVC1313,SIMXDWDEV-U-C2,Windows7_DEV_C
SIMXDWDEVC1314,SIMXDWDEV-U-C2,Windows7_DEV_C
SIMXDWDEVC1315,SIMXDWDEV-U-C2,Windows7_DEV_C
SIMXDWDEVC1316,SIMXDWDEV-U-C2,Windows7_DEV_C
SIMXDWDEVC1317,SIMXDWDEV-U-C2,Windows7_DEV_C
SIMXDWDEVC1318,SIMXDWDEV-U-C2,Windows7_DEV_C
SIMXDWDEVC1319,SIMXDWDEV-U-C2,Windows7_DEV_C
SIMXDWDEVC1320,SIMXDWDEV-U-C2,Windows7_DEV_C
SIMXDWDEVC1321,SIMXDWDEV-U-C2,Windows7_DEV_C
SIMXDWDEVC1322,SIMXDWDEV-U-C2,Windows7_DEV_C
SIMXDWDEVC1323,SIMXDWDEV-U-C2,Windows7_DEV_C
SIMXDWDEVC1324,SIMXDWDEV-U-C2,Windows7_DEV_C
SIMXDWDEVC1325,SIMXDWDEV-U-C2,Windows7_DEV_C
SIMXDWDEVC1326,SIMXDWDEV-U-C2,Windows7_DEV_C
SIMXDWDEVC1327,SIMXDWDEV-U-C2,Windows7_DEV_C
SIMXDWDEVC1328,SIMXDWDEV-U-C2,Windows7_DEV_C
SIMXDWDEVC1329,SIMXDWDEV-U-C2,Windows7_DEV_C
SIMXDWDEVC1330,SIMXDWDEV-U-C2,Windows7_DEV_C
SIMXDWDEVC1331,SIMXDWDEV-U-C2,Windows7_DEV_C
SIMXDWDEVC1332,SIMXDWDEV-U-C2,Windows7_DEV_C
SIMXDWDEVC1333,SIMXDWDEV-U-C2,Windows7_DEV_C
SIMXDWDEVC1334,SIMXDWDEV-U-C2,Windows7_DEV_C
SIMXDWDEVC1335,SIMXDWDEV-U-C2,Windows7_DEV_C
SIMXDWDEVC1336,SIMXDWDEV-U-C2,Windows7_DEV_C
SIMXDWDEVC1337,SIMXDWDEV-U-C2,Windows7_DEV_C
SIMXDWDEVC1338,SIMXDWDEV-U-C2,Windows7_DEV_C
SIMXDWDEVC1339,SIMXDWDEV-U-C2,Windows7_DEV_C
SIMXDWDEVC1340,SIMXDWDEV-U-C2,Windows7_DEV_C
SIMXDWDEVC1341,SIMXDWDEV-U-C2,Windows7_DEV_C
SIMXDWDEVC1342,SIMXDWDEV-U-C2,Windows7_DEV_C
SIMXDWDEVC1343,SIMXDWDEV-U-C2,Windows7_DEV_C
SIMXDWDEVC1344,SIMXDWDEV-U-C2,Windows7_DEV_C
SIMXDWDEVC1345,SIMXDWDEV-U-C2,Windows7_DEV_C
SIMXDWDEVC1346,SIMXDWDEV-U-C2,Windows7_DEV_C
SIMXDWDEVC1347,SIMXDWDEV-U-C2,Windows7_DEV_C
SIMXDWDEVC1348,SIMXDWDEV-U-C2,Windows7_DEV_C
SIMXDWDEVC1349,SIMXDWDEV-U-C2,Windows7_DEV_C
SIMXDWDEVC1350,SIMXDWDEV-U-C2,Windows7_DEV_C
