BRAINLAP01,System,JHSMH,MCE,No,N/A,Yes
BRAINLAP02,System,JHSMH,MCE,No,N/A,Yes
C4,System,JHSMH,MCE,No,N/A,Yes
CARDCORF02,System,JHSMH,MCE,No,N/A,Yes
CARDIOONCALL01,System,JHSMH,PTC,No,N/A,Yes
CHAN-N12279,System,JHSMH,PTC,No,N/A,Yes
CLK0039,System,JHSMH,MCS,No,N/A,Yes
CLK0064,System,JHSMH,PTC,No,N/A,Yes
CLK0102,System,JHSMH,PTC,No,N/A,Yes
CLK0519,System,JHSMH,PTC,No,N/A,Yes
CLK0536,System,JHSMH,OLP,No,N/A,Yes
CLK0580,System,JHSMH,SMH,No,N/A,Yes
CLK0582,System,JHSMH,SMH,No,N/A,Yes
CLK0618,System,JHSMH,SMH,No,N/A,Yes
CLK0638,System,JHSMH,SMH,No,N/A,Yes
CLK0770,System,JHSMH,PTC,No,N/A,Yes
CLK0776,System,JHSMH,SMH,No,N/A,Yes
CLK0855,System,JHSMH,SMH,No,N/A,Yes
CLK0921A,System,JHSMH,SMH,No,N/A,Yes
CLK0937,System,JHSMH,SMH,No,N/A,Yes
CLK0964,System,JHSMH,SMH,No,N/A,Yes
CLK1029,System,JHSMH,MCS,No,N/A,Yes
CLK1072,System,JHSMH,SMH,No,N/A,Yes
CLK1105,System,JHSMH,SMH,No,N/A,Yes
CLK1218,System,JHSMH,SMH,No,N/A,Yes
CLK5026,System,JHSMH,PTC,No,N/A,Yes
CLK5040,System,JHSMH,PTC,No,N/A,Yes
CLK5114,System,JHSMH,PTC,No,N/A,Yes
CLK5130,System,JHSMH,PTC,No,N/A,Yes
CLK5153,System,JHSMH,PTC,No,N/A,Yes
CLK5154,System,JHSMH,PTC,No,N/A,Yes
CLK5161,System,JHSMH,PTC,No,N/A,Yes
CLK5213,System,JHSMH,PTC,No,N/A,Yes
CLK5216,System,JHSMH,PTC,No,N/A,Yes
CLK5564,System,JHSMH,PTC,No,N/A,Yes
CLK6368,System,JHSMH,SMH,No,N/A,Yes
CLK6571,System,JHSMH,PTC,No,N/A,Yes
CSC01COM02,System,JHSMH,PTC,No,N/A,Yes
CSC02RB06,System,JHSMH,PTC,No,N/A,Yes
CSC0AR03,System,JHSMH,PTC,No,N/A,Yes
CSC0CBO06,System,JHSMH,PTC,No,N/A,Yes
CSC0CBO08,System,JHSMH,PTC,No,N/A,Yes
CSC0FW02,System,JHSMH,PTC,No,N/A,Yes
CSC0INDEX14,System,JHSMH,PTC,No,N/A,Yes
CSC1ADMIN001,System,JHSMH,PTC,No,N/A,Yes
CSC1CS03,System,JHSMH,PTC,No,N/A,Yes
CSC1CSCH52,System,JHSMH,PTC,No,N/A,Yes
CSC1DTACTR03,System,JHSMH,PTC,No,N/A,Yes
CSC1DTS01,System,JHSMH,PTC,No,N/A,Yes
CSC1DTSPOSEY,System,JHSMH,PTC,No,N/A,Yes
CSC1DTSRAWL,System,JHSMH,PTC,No,N/A,Yes
CSC1DTSSAL,System,JHSMH,PTC,No,N/A,Yes
CSC1IT25,System,JHSMH,PTC,No,N/A,Yes
CSC1ITAPPS08,System,JHSMH,PTC,No,N/A,Yes
CSC1ITLP01,System,JHSMH,PTC,No,N/A,Yes
CSC1NTWRKLAP1,System,JHSMH,PTC,No,N/A,Yes
CSC1SCHTRN02,System,JHSMH,PTC,No,N/A,Yes
CSC1SS07,System,JHSMH,PTC,No,N/A,Yes
CSC2CAL04,System,JHSMH,PTC,No,N/A,Yes
CSC2DCZEKE,System,JHSMH,PTC,No,N/A,Yes
CSC2LEGAL03,System,JHSMH,PTC,No,N/A,Yes
CSC2PA12,System,JHSMH,PTC,No,N/A,Yes
CSC2PA32,System,JHSMH,PTC,No,N/A,Yes
CSC2PAADM01,System,JHSMH,PTC,No,N/A,Yes
CSC2PAYL01,System,JHSMH,PTC,No,N/A,Yes
CSC2RB01,System,JHSMH,PTC,No,N/A,Yes
CSC2SCHLPTMP,System,JHSMH,PTC,No,N/A,Yes
CSCEPATH,System,JHSMH,PTC,No,N/A,Yes
CSCMEDIBASE,System,JHSMH,PTC,No,N/A,Yes
CSCTEST100,System,JHSMH,PTC,No,N/A,Yes
CSCVNA34,System,JHSMH,PTC,No,N/A,Yes
CSCVNA40,System,JHSMH,PTC,No,N/A,Yes
CSRONCADM04,System,JHSMH,PTC,No,N/A,Yes
DRORCART05,System,JHSMH,PTC,No,N/A,Yes
EJBIRK01PC,System,JHSMH,PTC,No,N/A,Yes
EM1,System,JHSMH,PTC,No,N/A,Yes
ETOWNVNA01,System,JHSMH,PTC,No,N/A,Yes
FERNGINA,System,JHSMH,PTC,No,N/A,Yes
FORCEPLATE1,System,JHSMH,PTC,No,N/A,Yes
FR10GYM04,System,JHSMH,PTC,No,N/A,Yes
FR10PC06,System,JHSMH,PTC,No,N/A,Yes
FR10PC08,System,JHSMH,PTC,No,N/A,Yes
FR11GYM01,System,JHSMH,PTC,No,N/A,Yes
FR11GYM05,System,JHSMH,PTC,No,N/A,Yes
FR11GYMLAP06,System,JHSMH,,No,N/A,No
FR11PC26,System,JHSMH,PTC,No,N/A,Yes
FR11PULMLAP02,System,JHSMH,PTC,No,N/A,Yes
FR15DATACABLE,System,JHSMH,PTC,No,N/A,Yes
FR15PC10,System,JHSMH,PTC,No,N/A,Yes
FR15PC16,System,JHSMH,PTC,No,N/A,Yes
FR1AC05,System,JHSMH,PTC,No,N/A,Yes
FR6PC14,System,JHSMH,PTC,No,N/A,Yes
FR6PC15,System,JHSMH,PTC,No,N/A,Yes
FR6PC23,System,JHSMH,PTC,No,N/A,Yes
FR6PC24,System,JHSMH,PTC,No,N/A,Yes
FR6PC46,System,JHSMH,PTC,No,N/A,Yes
FR6PC51,System,JHSMH,PTC,No,N/A,Yes
FR7PC13,System,JHSMH,PTC,No,N/A,Yes
FR8PC06,System,JHSMH,PTC,No,N/A,Yes
FR8PCSPA,System,JHSMH,PTC,No,N/A,Yes
FR8PCSPB,System,JHSMH,PTC,No,N/A,Yes
FR9ADMIN01,System,JHSMH,PTC,No,N/A,Yes
FR9ADMIN02,System,JHSMH,PTC,No,N/A,Yes
FR9DMR01,System,JHSMH,PTC,No,N/A,Yes
FR9DMR04,System,JHSMH,PTC,No,N/A,Yes
FRCASE03,System,JHSMH,PTC,No,N/A,Yes
FRCASELAP05,System,JHSMH,,No,N/A,No
FRLAP04,System,JHSMH,PTC,No,N/A,Yes
FRLAP07,System,JHSMH,PTC,No,N/A,Yes
H310,System,JHSMH,PTC,No,N/A,Yes
H405,System,JHSMH,PTC,No,N/A,Yes
HCC2ORP1,System,JHSMH,,No,N/A,No
HL10CONFPC,System,JHSMH,PTC,No,N/A,Yes
HL10TRANS01,System,JHSMH,PTC,No,N/A,Yes
HL10TRANS02,System,JHSMH,PTC,No,N/A,Yes
HL10TRANS03,System,JHSMH,PTC,No,N/A,Yes
HL10TRANS04,System,JHSMH,PTC,No,N/A,Yes
HL10TRANS05,System,JHSMH,PTC,No,N/A,Yes
HL10TRANS06,System,JHSMH,PTC,No,N/A,Yes
HL10TRANS07,System,JHSMH,PTC,No,N/A,Yes
HL10TRANS08,System,JHSMH,PTC,No,N/A,Yes
HL10TRANS09,System,JHSMH,PTC,No,N/A,Yes
HL10TRANS10,System,JHSMH,PTC,No,N/A,Yes
HL10TRANS11,System,JHSMH,PTC,No,N/A,Yes
HL10TRANS12,System,JHSMH,PTC,No,N/A,Yes
HL10TRANS13,System,JHSMH,PTC,No,N/A,Yes
HL10TRANS14,System,JHSMH,PTC,No,N/A,Yes
HL10TRANS15,System,JHSMH,PTC,No,N/A,Yes
HL10TRANS16,System,JHSMH,PTC,No,N/A,Yes
HL10TRANS17,System,JHSMH,PTC,No,N/A,Yes
HL10TRANS18,System,JHSMH,PTC,No,N/A,Yes
HL14P01,System,JHSMH,PTC,No,N/A,Yes
HL15SCRAIGLT,System,JHSMH,PTC,No,N/A,Yes
HL16ADOBE,System,JHSMH,PTC,No,N/A,Yes
HL16LT01,System,JHSMH,PTC,No,N/A,Yes
HL16LT02,System,JHSMH,PTC,No,N/A,Yes
HL16LT03,System,JHSMH,PTC,No,N/A,Yes
HL16LT04,System,JHSMH,PTC,No,N/A,Yes
HL2PRE01,System,JHSMH,PTC,No,N/A,Yes
HL3CATHPOSTL4,System,JHSMH,PTC,No,N/A,Yes
HL3CATHPREL2,System,JHSMH,PTC,No,N/A,Yes
HL3GS1,System,JHSMH,PTC,No,N/A,Yes
HL5CV04,System,JHSMH,PTC,No,N/A,Yes
HL5CVICP01,System,JHSMH,PTC,No,N/A,Yes
HL5CVICP02,System,JHSMH,PTC,No,N/A,Yes
HL5NC02,System,JHSMH,PTC,No,N/A,Yes
HL5OHRRCONF,System,JHSMH,PTC,No,N/A,Yes
HL6CAM11,System,JHSMH,PTC,No,N/A,Yes
HL6CARDIO01,System,JHSMH,PTC,No,N/A,Yes
HL6CARDIOTEE,System,JHSMH,PTC,No,N/A,Yes
HL6CVISION02,System,JHSMH,PTC,No,N/A,Yes
HL6CVISION04,System,JHSMH,PTC,No,N/A,Yes
HL6CVISION11,System,JHSMH,PTC,No,N/A,Yes
HL6CVISION12,System,JHSMH,PTC,No,N/A,Yes
HL6CVISION14,System,JHSMH,PTC,No,N/A,Yes
HL6CVISION18,System,JHSMH,PTC,No,N/A,Yes
HL6MUSE1,System,JHSMH,PTC,No,N/A,Yes
HL6MUSE2,System,JHSMH,PTC,No,N/A,Yes
HL7CAREMAN07,System,JHSMH,PTC,No,N/A,Yes
HL8PHY02,System,JHSMH,PTC,No,N/A,Yes
HLPHYLNG,System,JHSMH,PTC,No,N/A,Yes
HOLTER,System,JHSMH,PTC,No,N/A,Yes
HR1TRAININGRM,System,JHSMH,PTC,No,N/A,Yes
HRCT1RECLAP,System,JHSMH,PTC,No,N/A,Yes
HRCT2ADMLPT01,System,JHSMH,PTC,No,N/A,Yes
ICIPTEMP,System,JHSMH,PTC,No,N/A,Yes
JH0BIOMEDL01,System,JHSMH,PTC,No,N/A,Yes
JH0ENGADMIN,System,JHSMH,PTC,No,N/A,Yes
JH0HEALTH03,System,JHSMH,PTC,No,N/A,Yes
JH0RESOUR03,System,JHSMH,PTC,No,N/A,Yes
JH0RX03,System,JHSMH,PTC,No,N/A,Yes
JH0RX12,System,JHSMH,PTC,No,N/A,Yes
JH0RX41,System,JHSMH,PTC,No,N/A,Yes
JH0SPM07,System,JHSMH,PTC,No,N/A,Yes
JH1ADMIN22,System,JHSMH,PTC,No,N/A,Yes
JH1ERADMINL01,System,JHSMH,PTC,No,N/A,Yes
JH1ERN09,System,JHSMH,PTC,No,N/A,Yes
JH1ERN12,System,JHSMH,PTC,No,N/A,Yes
JH1ERXRAY03,System,JHSMH,PTC,No,N/A,Yes
JH1HIM08,System,JHSMH,PTC,No,N/A,Yes
JH2ORP01,System,JHSMH,PTC,No,N/A,Yes
JH2POSTOP03,System,JHSMH,PTC,No,N/A,Yes
JH2POSTOP08,System,JHSMH,PTC,No,N/A,Yes
JH2POSTOP09,System,JHSMH,PTC,No,N/A,Yes
JH2POSTOP12,System,JHSMH,PTC,No,N/A,Yes
JH2POSTOP19,System,JHSMH,PTC,No,N/A,Yes
JH2XRAYWRKRM01,System,JHSMH,PTC,No,N/A,Yes
JH3EDIET4,System,JHSMH,PTC,No,N/A,Yes
JH3EP7,System,JHSMH,PTC,No,N/A,Yes
JH3EROOM12,System,JHSMH,PTC,No,N/A,Yes
JH3EROOM19,System,JHSMH,PTC,No,N/A,Yes
JH3LAB03,System,JHSMH,PTC,No,N/A,Yes
JH3LAB61,System,JHSMH,PTC,No,N/A,Yes
JH4EN01,System,JHSMH,PTC,No,N/A,Yes
JH4ICUANC01,System,JHSMH,PTC,No,N/A,Yes
JH4ICUCN20,System,JHSMH,PTC,No,N/A,Yes
JH4ICUCNC01,System,JHSMH,PTC,No,N/A,Yes
JH4ICUCNC04,System,JHSMH,PTC,No,N/A,Yes
JH4ICUFNC11,System,JHSMH,PTC,No,N/A,Yes
JH4RXL01,System,JHSMH,PTC,No,N/A,Yes
JH4RXL09,System,JHSMH,PTC,No,N/A,Yes
JH4WNC02,System,JHSMH,PTC,No,N/A,Yes
JH4WNC03,System,JHSMH,PTC,No,N/A,Yes
JH4WROOM46,System,JHSMH,PTC,No,N/A,Yes
JH4WROOM58,System,JHSMH,PTC,No,N/A,Yes
JH5NEURO02,System,JHSMH,PTC,No,N/A,Yes
JH6EP2,System,JHSMH,PTC,No,N/A,Yes
JH6SNL01,System,JHSMH,PTC,No,N/A,Yes
JHCARELAP25,System,JHSMH,PTC,No,N/A,Yes
JHCARELP09,System,JHSMH,PTC,No,N/A,Yes
JHCARELP13,System,JHSMH,PTC,No,N/A,Yes
JHERREGCOW2,System,JHSMH,PTC,No,N/A,Yes
JHPAYSPCLP01,System,JHSMH,,No,N/A,No
JHPAYSPCLP02,System,JHSMH,PTC,No,N/A,Yes
JHPHYLNG,System,JHSMH,PTC,No,N/A,Yes
JHRXL06,System,JHSMH,PTC,No,N/A,Yes
JHXPLNT03,System,JHSMH,PTC,No,N/A,Yes
JL0G,System,JHSMH,PTC,No,N/A,Yes
JPGAIM08,System,JHSMH,MCE,No,N/A,Yes
JPGCBO17,System,JHSMH,PTC,No,N/A,Yes
JPGCBO18,System,JHSMH,PTC,No,N/A,Yes
JPGCBO19,System,JHSMH,PTC,No,N/A,Yes
JPGCBOJT03,System,JHSMH,PTC,No,N/A,Yes
JPGCBOJT05,System,JHSMH,PTC,No,N/A,Yes
JPGCBOJT07,System,JHSMH,PTC,No,N/A,Yes
JPGCBOJT08,System,JHSMH,PTC,No,N/A,Yes
JPGCBOJT09,System,JHSMH,PTC,No,N/A,Yes
JPGCBOJT11,System,JHSMH,PTC,No,N/A,Yes
JPGCBOJT12,System,JHSMH,PTC,No,N/A,Yes
JPGCBOJT13,System,JHSMH,PTC,No,N/A,Yes
JPGCBOJT14,System,JHSMH,PTC,No,N/A,Yes
JPGCBOJT15,System,JHSMH,PTC,No,N/A,Yes
JPGCBOJT16,System,JHSMH,PTC,No,N/A,Yes
JPGCBOJT19,System,JHSMH,PTC,No,N/A,Yes
JPGCBOJTTR01,System,JHSMH,PTC,No,N/A,Yes
JPGCBOTRN13,System,JHSMH,PTC,No,N/A,Yes
JPGDIM04,System,JHSMH,MCE,No,N/A,Yes
JPGKFM03,System,JHSMH,PTC,No,N/A,Yes
JPGLHS04,System,JHSMH,PTC,No,N/A,Yes
JPGLHSSHLAP01,System,JHSMH,PTC,No,N/A,Yes
JPGMA01,System,JHSMH,PTC,No,N/A,Yes
JPGMA02,System,JHSMH,PTC,No,N/A,Yes
JPGMA03,System,JHSMH,PTC,No,N/A,Yes
JPGMA04,System,JHSMH,PTC,No,N/A,Yes
JPGMA05,System,JHSMH,PTC,No,N/A,Yes
JPGMA06,System,JHSMH,PTC,No,N/A,Yes
JPGMA07,System,JHSMH,PTC,No,N/A,Yes
JPGMA08,System,JHSMH,PTC,No,N/A,Yes
JPGMA09,System,JHSMH,PTC,No,N/A,Yes
JPGMA10,System,JHSMH,PTC,No,N/A,Yes
JPGMA11,System,JHSMH,PTC,No,N/A,Yes
JPGMA12,System,JHSMH,PTC,No,N/A,Yes
JPGMA13,System,JHSMH,PTC,No,N/A,Yes
JPGMA14,System,JHSMH,PTC,No,N/A,Yes
JPGMA15,System,JHSMH,PTC,No,N/A,Yes
JPGMA16,System,JHSMH,PTC,No,N/A,Yes
JPGMA17,System,JHSMH,PTC,No,N/A,Yes
JPGMA18,System,JHSMH,PTC,No,N/A,Yes
JPGMA19,System,JHSMH,PTC,No,N/A,Yes
JPGMA20,System,JHSMH,PTC,No,N/A,Yes
JPGMA21,System,JHSMH,PTC,No,N/A,Yes
JPGMALAB01,System,JHSMH,PTC,No,N/A,Yes
JPGMALAB06,System,JHSMH,PTC,No,N/A,Yes
JPGMALAP01,System,JHSMH,PTC,No,N/A,Yes
JPGMALAP02,System,JHSMH,PTC,No,N/A,Yes
JPGMALAP03,System,JHSMH,PTC,No,N/A,Yes
JPGMALAP05,System,JHSMH,PTC,No,N/A,Yes
JPGMALAP06,System,JHSMH,PTC,No,N/A,Yes
JPGMALAP07,System,JHSMH,PTC,No,N/A,Yes
JPGMALAP08,System,JHSMH,PTC,No,N/A,Yes
JPGMCCNE01,System,JHSMH,PTC,No,N/A,Yes
JPGMCCNE02,System,JHSMH,PTC,No,N/A,Yes
JPGMCCNE04,System,JHSMH,PTC,No,N/A,Yes
JPGMCCNE07,System,JHSMH,PTC,No,N/A,Yes
JPGMCCNE08,System,JHSMH,PTC,No,N/A,Yes
JPGMCCNE17,System,JHSMH,PTC,No,N/A,Yes
JPGNEIM01,System,JHSMH,PTC,No,N/A,Yes
JPGNEIM02,System,JHSMH,PTC,No,N/A,Yes
JPGNEIM03,System,JHSMH,PTC,No,N/A,Yes
JPGNEIM04,System,JHSMH,PTC,No,N/A,Yes
JPGNEIM05,System,JHSMH,PTC,No,N/A,Yes
JPGNEIM09,System,JHSMH,PTC,No,N/A,Yes
JPGNEIM11,System,JHSMH,PTC,No,N/A,Yes
JPGNEIMLAB,System,JHSMH,PTC,No,N/A,Yes
JPGPRPC01,System,JHSMH,PTC,No,N/A,Yes
JPGPRPC02,System,JHSMH,PTC,No,N/A,Yes
JPGPRPC06,System,JHSMH,PTC,No,N/A,Yes
JPGPRPC07,System,JHSMH,PTC,No,N/A,Yes
JPGPRPC08,System,JHSMH,PTC,No,N/A,Yes
JPGTIMENE01,System,JHSMH,PTC,No,N/A,Yes
JPGTIMENE02,System,JHSMH,PTC,No,N/A,Yes
JPGTIMENE03,System,JHSMH,PTC,No,N/A,Yes
JPGTIMENE04,System,JHSMH,PTC,No,N/A,Yes
JPGTIMENE05,System,JHSMH,PTC,No,N/A,Yes
JPGTIMENE06,System,JHSMH,PTC,No,N/A,Yes
JPGTIMENE07,System,JHSMH,PTC,No,N/A,Yes
JPGTIMENE08,System,JHSMH,PTC,No,N/A,Yes
JPGTIMENE09,System,JHSMH,PTC,No,N/A,Yes
JPGTIMENE10,System,JHSMH,PTC,No,N/A,Yes
JPGTIMENE11,System,JHSMH,PTC,No,N/A,Yes
JPGTIMENE12,System,JHSMH,PTC,No,N/A,Yes
JPGTIMENE13,System,JHSMH,PTC,No,N/A,Yes
JPGTIMENE14,System,JHSMH,PTC,No,N/A,Yes
JPGTIMENE15,System,JHSMH,PTC,No,N/A,Yes
MCE1259A,System,JHSMH,MCE,No,N/A,Yes
MCE312A,System,JHSMH,MCE,No,N/A,Yes
MCEFRZ01,System,JHSMH,MCE,No,N/A,Yes
MCEKING,System,JHSMH,MCE,No,N/A,Yes
MCELAPE6500,System,JHSMH,MCE,No,N/A,Yes
MCELAPTOP09,System,JHSMH,MCE,No,N/A,Yes
MCELEGAL01,System,JHSMH,MCE,No,N/A,Yes
MCEMEET2,System,JHSMH,MCE,No,N/A,Yes
MCEMUSE1,System,JHSMH,MCE,No,N/A,Yes
MCEMUSE2,System,JHSMH,MCE,No,N/A,Yes
MCEOR07,System,JHSMH,MCE,No,N/A,Yes
MCEORBARB2,System,JHSMH,MCE,No,N/A,Yes
MCEORCORE01,System,JHSMH,MCE,No,N/A,Yes
MCEORNC04,System,JHSMH,MCE,No,N/A,Yes
MCEREGJEAN,System,JHSMH,MCE,No,N/A,Yes
MCNE002,System,JHSMH,MCE,No,N/A,Yes
MCSIT02,System,JHSMH,MCS,No,N/A,Yes,,,,
MCSSLEEP01,System,JHSMH,MCE,No,N/A,Yes,,,,
MCSSURMN01,System,JHSMH,MCE,No,N/A,Yes,,,,
MEDP5ONCFD03,System,JHSMH,PTC,No,N/A,Yes,,,,
MEDPLLT,System,JHSMH,PTC,No,N/A,Yes,,,,
MKOPPLAP,System,JHSMH,PTC,No,N/A,Yes,,,,
MRKTVNA01,System,JHSMH,PTC,No,N/A,Yes,,,,
MRKTVNA02,System,JHSMH,PTC,No,N/A,Yes,,,,
Name,Resource Type,Domain,Site Code,Client,Approved,Assigned,Blocked,Client Type,Obsolete,Active
NBSYSTOC32,System,JHSMH,PTC,No,N/A,Yes,,,,
NE1FINCON01,System,JHSMH,JHS,No,N/A,Yes,,,,
NE1LAB02,System,JHSMH,JHS,No,N/A,Yes,,,,
NE2CCC02,System,JHSMH,JHS,No,N/A,Yes,,,,
NE2FRAZ01,System,JHSMH,JHS,No,N/A,Yes,,,,
NE2INFUS15,System,JHSMH,JHS,No,N/A,Yes,,,,
NE2XCELERA01,System,JHSMH,JHS,No,N/A,Yes,,,,
NEWLAP01,System,JHSMH,PTC,No,N/A,Yes
OCC1HCCL03,System,JHSMH,PTC,No,N/A,Yes
OCC1PAT04,System,JHSMH,PTC,No,N/A,Yes
OCC2HCCL7,System,JHSMH,PTC,No,N/A,Yes
OCC2ORNC6,System,JHSMH,PTC,No,N/A,Yes
OCC5TRAIN03,System,JHSMH,PTC,No,N/A,Yes
OCC5TRAIN04,System,JHSMH,PTC,No,N/A,Yes
OCC5TRAIN06,System,JHSMH,PTC,No,N/A,Yes
OCC5TRAIN08,System,JHSMH,PTC,No,N/A,Yes
OLOP3E01,System,JHSMH,PTC,No,N/A,Yes
OLOP3E06,System,JHSMH,PTC,No,N/A,Yes
OLOP3L05,System,JHSMH,PTC,No,N/A,Yes
OLOP3S01,System,JHSMH,PTC,No,N/A,Yes
OLOP4L05,System,JHSMH,PTC,No,N/A,Yes
OLOP4L06,System,JHSMH,PTC,No,N/A,Yes
OLOPAMARK04,System,JHSMH,PTC,No,N/A,Yes
OLOPAT2,System,JHSMH,PTC,No,N/A,Yes
OLOPEDCL04,System,JHSMH,PTC,No,N/A,Yes
OLOPEDULT01,System,JHSMH,PTC,No,N/A,Yes
OLOPNRSSRV01,System,JHSMH,PTC,No,N/A,Yes
OLOPPAINT01,System,JHSMH,PTC,No,N/A,Yes
P10O,System,JHSMH,PTC,No,N/A,Yes
PCREFRESH5,System,JHSMH,PTC,No,N/A,Yes
PEOF,System,JHSMH,PTC,No,N/A,Yes
PEROTLT23,System,JHSMH,PTC,No,N/A,Yes
PRTF05,System,JHSMH,SMH,No,N/A,Yes
PSCBAILEYC2,System,JHSMH,PTC,No,N/A,Yes
PSCBOYDK,System,JHSMH,PTC,No,N/A,Yes
PSCCLINONCALL,System,JHSMH,PTC,No,N/A,Yes
PSC-N-6SDGJL1,System,JHSMH,PTC,No,N/A,Yes
RASM,System,JHSMH,PTC,No,N/A,Yes
RC06,System,JHSMH,PTC,No,N/A,Yes
RSC04,System,JHSMH,JHS,No,N/A,Yes
RSC05,System,JHSMH,JHS,No,N/A,Yes
RSCVNA05,System,JHSMH,PTC,No,N/A,Yes
SHADMIN04,System,JHSMH,MCE,No,N/A,Yes
SHBOIL,System,JHSMH,MCE,No,N/A,Yes
SHERDR01,System,JHSMH,MCE,No,N/A,Yes
SHERLAPTOP,System,JHSMH,JHS,No,N/A,Yes
SHFAC01,System,JHSMH,MCE,No,N/A,Yes
SHFAC02,System,JHSMH,MCE,No,N/A,Yes
SHFAC03,System,JHSMH,MCE,No,N/A,Yes
SHFAC04,System,JHSMH,MCE,No,N/A,Yes
SHHIM01,System,JHSMH,MCE,No,N/A,Yes
SHHIM02,System,JHSMH,MCE,No,N/A,Yes
SHHR01,System,JHSMH,MCE,No,N/A,Yes
SHHRDT1,System,JHSMH,JHS,No,N/A,Yes
SHIDI01,System,JHSMH,JHS,No,N/A,Yes
SHINF01,System,JHSMH,MCE,No,N/A,Yes
SHLAB01,System,JHSMH,MCE,No,N/A,Yes
SHLAB02,System,JHSMH,MCE,No,N/A,Yes
SHLAB03,System,JHSMH,MCE,No,N/A,Yes
SHLAB4,System,JHSMH,JHS,No,N/A,Yes
SHLAPADMIN,System,JHSMH,JHS,No,N/A,Yes
SHMI01,System,JHSMH,MCE,No,N/A,Yes
SHMI02,System,JHSMH,MCE,No,N/A,Yes
SHMI03,System,JHSMH,MCE,No,N/A,Yes
SHMI04,System,JHSMH,MCE,No,N/A,Yes
SHPATREG01,System,JHSMH,MCE,No,N/A,Yes
SHPATREG4,System,JHSMH,JHS,No,N/A,Yes
SHSPEECH01,System,JHSMH,MCE,No,N/A,Yes
SHSURG01,System,JHSMH,MCE,No,N/A,Yes
SHSURG02,System,JHSMH,MCE,No,N/A,Yes
SHSURG03,System,JHSMH,MCE,No,N/A,Yes
SHVIRG01,System,JHSMH,MCE,No,N/A,Yes
SIRH131L09,System,JHSMH,SIR,No,N/A,Yes
SIRHAV02,System,JHSMH,PTC,No,N/A,Yes
SIRHD810G,System,JHSMH,SIR,No,N/A,Yes
SIRHD810H,System,JHSMH,SIR,No,N/A,Yes
SIRHDR04,System,JHSMH,SIR,No,N/A,Yes
SIRHEDU08,System,JHSMH,PTC,No,N/A,Yes
SIRHIPL02,System,JHSMH,SIR,No,N/A,Yes
SIRHIPL08,System,JHSMH,SIR,No,N/A,Yes
SIRHIPL21,System,JHSMH,PTC,No,N/A,Yes
SIRHNC06,System,JHSMH,SIR,No,N/A,Yes
SIRHNL05,System,JHSMH,SIR,No,N/A,Yes
SIRHOPL01,System,JHSMH,SIR,No,N/A,Yes
SIRHOPL17,System,JHSMH,PTC,No,N/A,Yes
SIRHOPL18,System,JHSMH,SIR,No,N/A,Yes
SIRHOPL19,System,JHSMH,PTC,No,N/A,Yes
SIRHPCUL01,System,JHSMH,PTC,No,N/A,Yes
SIRHPCUL02,System,JHSMH,SIR,No,N/A,Yes
SIRHWNL03,System,JHSMH,SIR,No,N/A,Yes
SIRHWNL04,System,JHSMH,PTC,No,N/A,Yes
SIRHWNL05,System,JHSMH,SIR,No,N/A,Yes
SIVNA01,System,JHSMH,PTC,No,N/A,Yes
SIVNA04,System,JHSMH,PTC,No,N/A,Yes
SME0ASMBLY1,System,JHSMH,SMH,No,N/A,Yes
SME0CON01,System,JHSMH,SMH,No,N/A,Yes
SME0HIM05,System,JHSMH,SMH,No,N/A,Yes
SME0TR3,System,JHSMH,SMH,No,N/A,Yes
SME1CAT1,System,JHSMH,SMH,No,N/A,Yes
SMECMLT05,System,JHSMH,SMH,No,N/A,Yes
SMECMLT06,System,JHSMH,SMH,No,N/A,Yes
SMEDTS2,System,JHSMH,SMH,No,N/A,Yes
SMEDTSLT01,System,JHSMH,SMH,No,N/A,Yes
SMEENV02,System,JHSMH,SMH,No,N/A,Yes
SMEERMGR01,System,JHSMH,SMH,No,N/A,Yes
SMEHSEC01,System,JHSMH,SMH,No,N/A,Yes
SMESC02,System,JHSMH,SMH,No,N/A,Yes
SMETEST1,System,JHSMH,SMH,No,N/A,Yes
SPRING09,System,JHSMH,PTC,No,N/A,Yes
SPRING131,System,JHSMH,PTC,No,N/A,Yes
SYSTOC82,System,JHSMH,PTC,No,N/A,Yes
TPGADMINLAP02,System,JHSMH,PTC,No,N/A,Yes
TPGCBO35,System,JHSMH,,No,N/A,No
TPGCBO37,System,JHSMH,PTC,No,N/A,Yes
TPGCBOJT02,System,JHSMH,PTC,No,N/A,Yes
TPGCBOJT11,System,JHSMH,,No,N/A,No
TPGCNS06,System,JHSMH,PTC,No,N/A,Yes
TPGMCCMC11,System,JHSMH,PTC,No,N/A,Yes
TPGMCCOCC10,System,JHSMH,PTC,No,N/A,Yes
TPGMCCOCC17,System,JHSMH,PTC,No,N/A,Yes
TPGORTHO01,System,JHSMH,PTC,No,N/A,Yes
TPGSEMCLAP01,System,JHSMH,SMH,No,N/A,Yes
TPGSEMCLAP03,System,JHSMH,SMH,No,N/A,Yes
V11WEBSVR,System,JHSMH,PTC,No,N/A,Yes
VNA3TRAINING,System,JHSMH,PTC,No,N/A,Yes
VNAMRKT02,System,JHSMH,PTC,No,N/A,Yes
VNANAZ103,System,JHSMH,PTC,No,N/A,Yes
VNANAZ114,System,JHSMH,PTC,No,N/A,Yes
VNANAZ165,System,JHSMH,PTC,No,N/A,Yes
VNANAZ166,System,JHSMH,PTC,No,N/A,Yes
VNANAZ174,System,JHSMH,PTC,No,N/A,Yes
VNANAZ180,System,JHSMH,PTC,No,N/A,Yes
VNANAZ189,System,JHSMH,PTC,No,N/A,Yes
VNANAZ209,System,JHSMH,PTC,No,N/A,Yes
VNANAZ210,System,JHSMH,PTC,No,N/A,Yes
VNANAZ211,System,JHSMH,PTC,No,N/A,Yes
VNANAZ213,System,JHSMH,SMH,No,N/A,Yes
VNANAZ216,System,JHSMH,JHS,No,N/A,Yes
VNANAZ218,System,JHSMH,PTC,No,N/A,Yes
VNANAZ228,System,JHSMH,PTC,No,N/A,Yes
VNANAZ233,System,JHSMH,SMH,No,N/A,Yes
VNANAZ241,System,JHSMH,PTC,No,N/A,Yes
VNANAZ242,System,JHSMH,PTC,No,N/A,Yes
VNANAZ246,System,JHSMH,PTC,No,N/A,Yes
VNANAZ247,System,JHSMH,PTC,No,N/A,Yes
VNANAZ249,System,JHSMH,PTC,No,N/A,Yes
VNANAZ253,System,JHSMH,MCE,No,N/A,Yes
VNANAZ262,System,JHSMH,JHS,No,N/A,Yes
VNANAZ270,System,JHSMH,PTC,No,N/A,Yes
VNANAZ274,System,JHSMH,PTC,No,N/A,Yes
VNANAZ295,System,JHSMH,PTC,No,N/A,Yes
VNANAZ298,System,JHSMH,PTC,No,N/A,Yes
VNANAZ311,System,JHSMH,,No,N/A,No
VNANAZ322,System,JHSMH,,No,N/A,No
VNANAZ324,System,JHSMH,,No,N/A,No
VNANAZ380,System,JHSMH,PTC,No,N/A,Yes
VNANAZ381,System,JHSMH,PTC,No,N/A,Yes
VNANAZ382,System,JHSMH,PTC,No,N/A,Yes
VNANAZ383,System,JHSMH,PTC,No,N/A,Yes
VNANAZMARGIE,System,JHSMH,PTC,No,N/A,Yes
XLSSHELBY01,System,JHSMH,JHS,No,N/A,Yes
