SIMXDWSTDC0091,SIMXDWSTD-U-C,Windows7_STD_C
SIMXDWSTDC0092,SIMXDWSTD-U-C,Windows7_STD_C
SIMXDWSTDC0093,SIMXDWSTD-U-C,Windows7_STD_C
SIMXDWSTDC0094,SIMXDWSTD-U-C,Windows7_STD_C
SIMXDWSTDC0095,SIMXDWSTD-U-C,Windows7_STD_C
SIMXDWSTDC0096,SIMXDWSTD-U-C,Windows7_STD_C
SIMXDWSTDC0097,SIMXDWSTD-U-C,Windows7_STD_C
SIMXDWSTDC0098,SIMXDWSTD-U-C,Windows7_STD_C
SIMXDWSTDC0099,SIMXDWSTD-U-C,Windows7_STD_C
SIMXDWSTDC0100,SIMXDWSTD-U-C,Windows7_STD_C
SIMXDWSTDC0101,SIMXDWSTD-U-C,Windows7_STD_C
SIMXDWSTDC0102,SIMXDWSTD-U-C,Windows7_STD_C
SIMXDWSTDC0103,SIMXDWSTD-U-C,Windows7_STD_C
SIMXDWSTDC0104,SIMXDWSTD-U-C,Windows7_STD_C
SIMXDWSTDC0105,SIMXDWSTD-U-C,Windows7_STD_C
SIMXDWSTDC0106,SIMXDWSTD-U-C,Windows7_STD_C
SIMXDWSTDC0107,SIMXDWSTD-U-C,Windows7_STD_C
SIMXDWSTDC0108,SIMXDWSTD-U-C,Windows7_STD_C
SIMXDWSTDC0109,SIMXDWSTD-U-C,Windows7_STD_C
SIMXDWSTDC0110,SIMXDWSTD-U-C,Windows7_STD_C
SIMXDWSTDC0111,SIMXDWSTD-U-C,Windows7_STD_C
SIMXDWSTDC0112,SIMXDWSTD-U-C,Windows7_STD_C
SIMXDWSTDC0113,SIMXDWSTD-U-C,Windows7_STD_C
SIMXDWSTDC0114,SIMXDWSTD-U-C,Windows7_STD_C
SIMXDWSTDC0115,SIMXDWSTD-U-C,Windows7_STD_C
SIMXDWSTDC0116,SIMXDWSTD-U-C,Windows7_STD_C
SIMXDWSTDC0117,SIMXDWSTD-U-C,Windows7_STD_C
SIMXDWSTDC0118,SIMXDWSTD-U-C,Windows7_STD_C
SIMXDWSTDC0119,SIMXDWSTD-U-C,Windows7_STD_C
SIMXDWSTDC0120,SIMXDWSTD-U-C,Windows7_STD_C
SIMXDWSTDC0121,SIMXDWSTD-U-C,Windows7_STD_C
SIMXDWSTDC0122,SIMXDWSTD-U-C,Windows7_STD_C
SIMXDWSTDC0123,SIMXDWSTD-U-C,Windows7_STD_C
SIMXDWSTDC0124,SIMXDWSTD-U-C,Windows7_STD_C
SIMXDWSTDC0125,SIMXDWSTD-U-C,Windows7_STD_C
SIMXDWSTDC0126,SIMXDWSTD-U-C,Windows7_STD_C
SIMXDWSTDC0127,SIMXDWSTD-U-C,Windows7_STD_C
SIMXDWSTDC0128,SIMXDWSTD-U-C,Windows7_STD_C
SIMXDWSTDC0129,SIMXDWSTD-U-C,Windows7_STD_C
SIMXDWSTDC0130,SIMXDWSTD-U-C,Windows7_STD_C
SIMXDWSTDC0131,SIMXDWSTD-U-C,Windows7_STD_C
SIMXDWSTDC0132,SIMXDWSTD-U-C,Windows7_STD_C
SIMXDWSTDC0133,SIMXDWSTD-U-C,Windows7_STD_C
SIMXDWSTDC0134,SIMXDWSTD-U-C,Windows7_STD_C
SIMXDWSTDC0135,SIMXDWSTD-U-C,Windows7_STD_C
SIMXDWSTDC0136,SIMXDWSTD-U-C,Windows7_STD_C
SIMXDWSTDC0137,SIMXDWSTD-U-C,Windows7_STD_C
SIMXDWSTDC0138,SIMXDWSTD-U-C,Windows7_STD_C
SIMXDWSTDC0139,SIMXDWSTD-U-C,Windows7_STD_C
SIMXDWSTDC0140,SIMXDWSTD-U-C,Windows7_STD_C
SIMXDWSTDC0141,SIMXDWSTD-U-C,Windows7_STD_C
SIMXDWSTDC0142,SIMXDWSTD-U-C,Windows7_STD_C
SIMXDWSTDC0143,SIMXDWSTD-U-C,Windows7_STD_C
SIMXDWSTDC0144,SIMXDWSTD-U-C,Windows7_STD_C
SIMXDWSTDC0145,SIMXDWSTD-U-C,Windows7_STD_C
SIMXDWSTDC0146,SIMXDWSTD-U-C,Windows7_STD_C
SIMXDWSTDC0147,SIMXDWSTD-U-C,Windows7_STD_C
SIMXDWSTDC0148,SIMXDWSTD-U-C,Windows7_STD_C
SIMXDWSTDC0149,SIMXDWSTD-U-C,Windows7_STD_C
SIMXDWSTDC0150,SIMXDWSTD-U-C,Windows7_STD_C
SIMXDWSTDC0151,SIMXDWSTD-U-C,Windows7_STD_C
SIMXDWSTDC0152,SIMXDWSTD-U-C,Windows7_STD_C
SIMXDWSTDC0153,SIMXDWSTD-U-C,Windows7_STD_C
SIMXDWSTDC0154,SIMXDWSTD-U-C,Windows7_STD_C
SIMXDWSTDC0155,SIMXDWSTD-U-C,Windows7_STD_C
SIMXDWSTDC0156,SIMXDWSTD-U-C,Windows7_STD_C
SIMXDWSTDC0157,SIMXDWSTD-U-C,Windows7_STD_C
SIMXDWSTDC0158,SIMXDWSTD-U-C,Windows7_STD_C
SIMXDWSTDC0159,SIMXDWSTD-U-C,Windows7_STD_C
SIMXDWSTDC0160,SIMXDWSTD-U-C,Windows7_STD_C
SIMXDWSTDC0161,SIMXDWSTD-U-C,Windows7_STD_C
SIMXDWSTDC0162,SIMXDWSTD-U-C,Windows7_STD_C
SIMXDWSTDC0163,SIMXDWSTD-U-C,Windows7_STD_C
SIMXDWSTDC0164,SIMXDWSTD-U-C,Windows7_STD_C
SIMXDWSTDC0165,SIMXDWSTD-U-C,Windows7_STD_C
SIMXDWSTDC0166,SIMXDWSTD-U-C,Windows7_STD_C
SIMXDWSTDC0167,SIMXDWSTD-U-C,Windows7_STD_C
SIMXDWSTDC0168,SIMXDWSTD-U-C,Windows7_STD_C
SIMXDWSTDC0169,SIMXDWSTD-U-C,Windows7_STD_C
SIMXDWSTDC0170,SIMXDWSTD-U-C,Windows7_STD_C
SIMXDWSTDC0171,SIMXDWSTD-U-C,Windows7_STD_C
SIMXDWSTDC0172,SIMXDWSTD-U-C,Windows7_STD_C
SIMXDWSTDC0173,SIMXDWSTD-U-C,Windows7_STD_C
SIMXDWSTDC0174,SIMXDWSTD-U-C,Windows7_STD_C
SIMXDWSTDC0175,SIMXDWSTD-U-C,Windows7_STD_C
SIMXDWSTDC0176,SIMXDWSTD-U-C,Windows7_STD_C
SIMXDWSTDC0177,SIMXDWSTD-U-C,Windows7_STD_C
SIMXDWSTDC0178,SIMXDWSTD-U-C,Windows7_STD_C
SIMXDWSTDC0179,SIMXDWSTD-U-C,Windows7_STD_C
SIMXDWSTDC0180,SIMXDWSTD-U-C,Windows7_STD_C
