SIMXDWTSTA0133,SIMXDWTST-U-A,Windows7_TST_A
SIMXDWTSTA0134,SIMXDWTST-U-A,Windows7_TST_A
SIMXDWTSTA0135,SIMXDWTST-U-A,Windows7_TST_A
SIMXDWTSTA0136,SIMXDWTST-U-A,Windows7_TST_A
SIMXDWTSTA0137,SIMXDWTST-U-A,Windows7_TST_A
SIMXDWTSTA0138,SIMXDWTST-U-A,Windows7_TST_A
SIMXDWTSTA0139,SIMXDWTST-U-A,Windows7_TST_A
SIMXDWTSTA0140,SIMXDWTST-U-A,Windows7_TST_A
SIMXDWTSTA0141,SIMXDWTST-U-A,Windows7_TST_A
SIMXDWTSTA0142,SIMXDWTST-U-A,Windows7_TST_A
SIMXDWTSTA0143,SIMXDWTST-U-A,Windows7_TST_A
SIMXDWTSTA0144,SIMXDWTST-U-A,Windows7_TST_A
SIMXDWTSTA0145,SIMXDWTST-U-A,Windows7_TST_A
SIMXDWTSTA0146,SIMXDWTST-U-A,Windows7_TST_A
SIMXDWTSTA0147,SIMXDWTST-U-A,Windows7_TST_A
SIMXDWTSTA0148,SIMXDWTST-U-A,Windows7_TST_A
SIMXDWTSTA0149,SIMXDWTST-U-A,Windows7_TST_A
SIMXDWTSTA0150,SIMXDWTST-U-A,Windows7_TST_A
