LOUXDWDEVA0470,10
LOUXDWDEVA0592,10
LOUXDWDEVA0753,10
LOUXDWDEVB0030,10
LOUXDWDEVB0258,10
LOUXDWDEVB0295,10
LOUXDWDEVB0517,10
LOUXDWDEVB0567,10
LOUXDWDEVB0976,10
LOUXDWDEVB0979,10
LOUXDWDEVB0984,10
LOUXDWDEVB1002,10
LOUXDWDEVB1004,10
LOUXDWDEVB1107,10
LOUXDWDEVB2256,10
LOUXDWDEVB2335,10
LOUXDWDEVB2404,10
LOUXDWDEVB2555,10
LOUXDWDEVB2565,10
LOUXDWDEVB2626,10
LOUXDWDEVB2695,10
LOUXDWDEVB2815,10
LOUXDWDEVB2951,10
LOUXDWDEVC2181,10
LOUXDWDEVC2232,10
LOUXDWDEVC2269,10
LOUXDWDEVC2410,10
LOUXDWDEVC2555,10
LOUXDWDEVC2597,10
LOUXDWDEVC2651,10
LOUXDWDEVC2675,10
LOUXDWSTDB0047,10
LOUXDWSTDB0072,10
LOUXDWSTDB0435,10
LOUXDWSTDB0483,10
LOUXDWSTDB0518,10
LOUXDWSTDB0648,10
LOUXDWSTDB0700,10
LOUXDWSTDB0831,10
LOUXDWSTDB0841,10
LOUXDWSTDB0844,10
LOUXDWTSSA0091,10
LOUXDWTSSA0148,10
LOUXDWTSSA0178,10
LOUXDWTSSA0205,10
LOUXDWTSSA0212,10
LOUXDWTSSA0216,10
LOUXDWVIPA0004,10
LOUXDWVIPA0021,10
LOUXDWVIPA0029,10
LOUXDWVIPA0045,10
LOUXDWVIPB0047,10
SIMXDWDEVA0646,10
SIMXDWDEVA0726,10
SIMXDWDEVA0919,10
SIMXDWDEVB0163,10
SIMXDWDEVB0519,10
SIMXDWDEVB0569,10
SIMXDWDEVB0675,10
SIMXDWDEVB0916,10
SIMXDWDEVB1037,10
SIMXDWDEVB1176,10
SIMXDWDEVB1219,10
SIMXDWDEVB1229,10
SIMXDWDEVB1262,10
SIMXDWDEVB1287,10
SIMXDWDEVB1790,10
SIMXDWDEVB1804,10
SIMXDWDEVB1832,10
SIMXDWDEVB2067,10
SIMXDWDEVB2129,10
SIMXDWDEVB2134,10
SIMXDWDEVB2148,10
SIMXDWDEVB2201,10
SIMXDWDEVB2209,10
SIMXDWDEVC1059,10
SIMXDWDEVC1281,10
SIMXDWDEVC2052,10
SIMXDWDEVC2080,10
SIMXDWDEVC2100,10
SIMXDWDEVC2122,10
SIMXDWDEVC2159,10
SIMXDWDEVC2166,10
SIMXDWDEVC2452,10
SIMXDWDEVC2595,10
SIMXDWDEVC2613,10
SIMXDWDEVC2661,10
SIMXDWDEVC2741,10
SIMXDWDEVC2773,10
SIMXDWDEVC2994,10
SIMXDWDEVT0006,10
SIMXDWDEVWT3,10
SIMXDWSTDB0451,10
SIMXDWSTDB0478,10
SIMXDWSTDB0832,10
SIMXDWSTDB0887,10
SIMXDWTSSA0038,10
SIMXDWTSSA0082,10
SIMXDWTSSA0202,10
SIMXDWTSSA0227,10
SIMXDWTSSA0261,10
SIMXDWVIPA0079,10
SIMXDWVIPB0053,10
SIMXDWWTSB0005,10
SIMXDWWTSB0007,10
SIMXDWWTSB0009,10
SIMXDWWTSB0011,10
SIMXDWWTSB0012,10
SIMXDWWTSB0013,10
SIMXDWWTSB0014,10
SIMXDWWTSB0015,10
SIMXDWWTSB0017,10
SIMXDWWTSB0018,10
SIMXDWWTSB0019,10
SIMXDWWTSB0020,10
SIMXDWWTSB0023,10
SIMXDWWTSB0024,10
SIMXDWWTSB0057,10
SIMXDWWTSC0002,10
