SIMXDWSTDC0806,SIMXDWSTD-U-C,W7_STD_C
SIMXDWSTDC0807,SIMXDWSTD-U-C,W7_STD_C
SIMXDWSTDC0808,SIMXDWSTD-U-C,W7_STD_C
SIMXDWSTDC0809,SIMXDWSTD-U-C,W7_STD_C
SIMXDWSTDC0810,SIMXDWSTD-U-C,W7_STD_C
SIMXDWSTDC0811,SIMXDWSTD-U-C,W7_STD_C
SIMXDWSTDC0812,SIMXDWSTD-U-C,W7_STD_C
SIMXDWSTDC0813,SIMXDWSTD-U-C,W7_STD_C
SIMXDWSTDC0814,SIMXDWSTD-U-C,W7_STD_C
SIMXDWSTDC0815,SIMXDWSTD-U-C,W7_STD_C
SIMXDWSTDC0816,SIMXDWSTD-U-C,W7_STD_C
SIMXDWSTDC0817,SIMXDWSTD-U-C,W7_STD_C
SIMXDWSTDC0818,SIMXDWSTD-U-C,W7_STD_C
SIMXDWSTDC0819,SIMXDWSTD-U-C,W7_STD_C
SIMXDWSTDC0820,SIMXDWSTD-U-C,W7_STD_C
SIMXDWSTDC0821,SIMXDWSTD-U-C,W7_STD_C
SIMXDWSTDC0822,SIMXDWSTD-U-C,W7_STD_C
SIMXDWSTDC0823,SIMXDWSTD-U-C,W7_STD_C
SIMXDWSTDC0824,SIMXDWSTD-U-C,W7_STD_C
SIMXDWSTDC0825,SIMXDWSTD-U-C,W7_STD_C
