LOUXDWSTDB0401,LOUXDWSTD-U-B,Windows7_STD_B
LOUXDWSTDB0402,LOUXDWSTD-U-B,Windows7_STD_B
LOUXDWSTDB0403,LOUXDWSTD-U-B,Windows7_STD_B
LOUXDWSTDB0404,LOUXDWSTD-U-B,Windows7_STD_B
LOUXDWSTDB0405,LOUXDWSTD-U-B,Windows7_STD_B
LOUXDWSTDB0406,LOUXDWSTD-U-B,Windows7_STD_B
LOUXDWSTDB0407,LOUXDWSTD-U-B,Windows7_STD_B
LOUXDWSTDB0408,LOUXDWSTD-U-B,Windows7_STD_B
LOUXDWSTDB0409,LOUXDWSTD-U-B,Windows7_STD_B
LOUXDWSTDB0410,LOUXDWSTD-U-B,Windows7_STD_B
LOUXDWSTDB0411,LOUXDWSTD-U-B,Windows7_STD_B
LOUXDWSTDB0412,LOUXDWSTD-U-B,Windows7_STD_B
LOUXDWSTDB0413,LOUXDWSTD-U-B,Windows7_STD_B
LOUXDWSTDB0414,LOUXDWSTD-U-B,Windows7_STD_B
LOUXDWSTDB0415,LOUXDWSTD-U-B,Windows7_STD_B
LOUXDWSTDB0416,LOUXDWSTD-U-B,Windows7_STD_B
LOUXDWSTDB0417,LOUXDWSTD-U-B,Windows7_STD_B
LOUXDWSTDB0418,LOUXDWSTD-U-B,Windows7_STD_B
LOUXDWSTDB0419,LOUXDWSTD-U-B,Windows7_STD_B
LOUXDWSTDB0420,LOUXDWSTD-U-B,Windows7_STD_B
