SIMXDWSTDB0416,SIMXDWSTD-U-B,Windows7_STD_B
SIMXDWSTDB0417,SIMXDWSTD-U-B,Windows7_STD_B
SIMXDWSTDB0418,SIMXDWSTD-U-B,Windows7_STD_B
SIMXDWSTDB0419,SIMXDWSTD-U-B,Windows7_STD_B
SIMXDWSTDB0420,SIMXDWSTD-U-B,Windows7_STD_B
SIMXDWSTDB0421,SIMXDWSTD-U-B,Windows7_STD_B
SIMXDWSTDB0422,SIMXDWSTD-U-B,Windows7_STD_B
SIMXDWSTDB0423,SIMXDWSTD-U-B,Windows7_STD_B
SIMXDWSTDB0424,SIMXDWSTD-U-B,Windows7_STD_B
SIMXDWSTDB0425,SIMXDWSTD-U-B,Windows7_STD_B
SIMXDWSTDB0426,SIMXDWSTD-U-B,Windows7_STD_B
SIMXDWSTDB0427,SIMXDWSTD-U-B,Windows7_STD_B
SIMXDWSTDB0428,SIMXDWSTD-U-B,Windows7_STD_B
SIMXDWSTDB0429,SIMXDWSTD-U-B,Windows7_STD_B
SIMXDWSTDB0430,SIMXDWSTD-U-B,Windows7_STD_B
SIMXDWSTDB0431,SIMXDWSTD-U-B,Windows7_STD_B
SIMXDWSTDB0432,SIMXDWSTD-U-B,Windows7_STD_B
SIMXDWSTDB0433,SIMXDWSTD-U-B,Windows7_STD_B
SIMXDWSTDB0434,SIMXDWSTD-U-B,Windows7_STD_B
SIMXDWSTDB0435,SIMXDWSTD-U-B,Windows7_STD_B
