MXM4545,V_XDW_VDI_HED_A,V_XDW_76_VDI_HED_A
LXC2080,V_XDW_VDI_HED_A,V_XDW_76_VDI_HED_A
LXG4029,V_XDW_VDI_HED_A,V_XDW_76_VDI_HED_A
CXB6807,V_XDW_VDI_HED_A,V_XDW_76_VDI_HED_A
MXK6106,V_XDW_VDI_HED_A,V_XDW_76_VDI_HED_A
AXL5178,V_XDW_VDI_HED_A,V_XDW_76_VDI_HED_A
JXV7772,V_XDW_VDI_HED_A,V_XDW_76_VDI_HED_A
BXL1262,V_XDW_VDI_HED_A,V_XDW_76_VDI_HED_A
RXA0803,V_XDW_VDI_HED_A,V_XDW_76_VDI_HED_A
JXE2760,V_XDW_VDI_HED_A,V_XDW_76_VDI_HED_A
RXB4506,V_XDW_VDI_HED_A,V_XDW_76_VDI_HED_A
EXG4118,V_XDW_VDI_HED_A,V_XDW_76_VDI_HED_A
KXV8804,V_XDW_VDI_HED_A,V_XDW_76_VDI_HED_A
KXR0799,V_XDW_VDI_HED_A,V_XDW_76_VDI_HED_A
AXM9276,V_XDW_VDI_HED_A,V_XDW_76_VDI_HED_A
MXI4603,V_XDW_VDI_HED_A,V_XDW_76_VDI_HED_A
JXF2362,V_XDW_VDI_HED_A,V_XDW_76_VDI_HED_A
CXA8037,V_XDW_VDI_HED_A,V_XDW_76_VDI_HED_A
LNR2925,V_XDW_VDI_HED_A,V_XDW_76_VDI_HED_A
AXP6364,V_XDW_VDI_HED_A,V_XDW_76_VDI_HED_A
HXA4274,V_XDW_VDI_HED_A,V_XDW_76_VDI_HED_A
BXB1830,V_XDW_VDI_HED_A,V_XDW_76_VDI_HED_A
GXM0809,V_XDW_VDI_HED_A,V_XDW_76_VDI_HED_A
MXL9653,V_XDW_VDI_HED_A,V_XDW_76_VDI_HED_A
MXB0278,V_XDW_VDI_HED_A,V_XDW_76_VDI_HED_A
CXC5707,V_XDW_VDI_HED_A,V_XDW_76_VDI_HED_A
LXM9477,V_XDW_VDI_HED_A,V_XDW_76_VDI_HED_A
MXB8030,V_XDW_VDI_HED_A,V_XDW_76_VDI_HED_A
KXM8835,V_XDW_VDI_HED_A,V_XDW_76_VDI_HED_A
AXD0807,V_XDW_VDI_HED_A,V_XDW_76_VDI_HED_A
RBG7399S,V_XDW_VDI_HED_A,V_XDW_76_VDI_HED_A
JXJ9360,V_XDW_VDI_HED_A,V_XDW_76_VDI_HED_A
