SIMXDWSTDB0020,LOUXDWSTD-U-B,Windows7_STD_B
SIMXDWSTDB0022,LOUXDWSTD-U-B,Windows7_STD_B
SIMXDWSTDB0024,LOUXDWSTD-U-B,Windows7_STD_B
SIMXDWSTDB0026,LOUXDWSTD-U-B,Windows7_STD_B
SIMXDWSTDB0028,LOUXDWSTD-U-B,Windows7_STD_B
SIMXDWSTDB0030,LOUXDWSTD-U-B,Windows7_STD_B
SIMXDWSTDB0032,LOUXDWSTD-U-B,Windows7_STD_B
SIMXDWSTDB0034,LOUXDWSTD-U-B,Windows7_STD_B
SIMXDWSTDB0036,LOUXDWSTD-U-B,Windows7_STD_B
SIMXDWSTDB0038,LOUXDWSTD-U-B,Windows7_STD_B
SIMXDWSTDB0040,LOUXDWSTD-U-B,Windows7_STD_B
SIMXDWSTDB0042,LOUXDWSTD-U-B,Windows7_STD_B
SIMXDWSTDB0044,LOUXDWSTD-U-B,Windows7_STD_B
SIMXDWSTDB0046,LOUXDWSTD-U-B,Windows7_STD_B
SIMXDWSTDB0048,LOUXDWSTD-U-B,Windows7_STD_B
SIMXDWSTDB0050,LOUXDWSTD-U-B,Windows7_STD_B
SIMXDWSTDB0052,LOUXDWSTD-U-B,Windows7_STD_B
SIMXDWSTDB0054,LOUXDWSTD-U-B,Windows7_STD_B
SIMXDWSTDB0056,LOUXDWSTD-U-B,Windows7_STD_B
SIMXDWSTDB0058,LOUXDWSTD-U-B,Windows7_STD_B
SIMXDWSTDB0060,LOUXDWSTD-U-B,Windows7_STD_B
SIMXDWSTDB0062,LOUXDWSTD-U-B,Windows7_STD_B
SIMXDWSTDB0064,LOUXDWSTD-U-B,Windows7_STD_B
SIMXDWSTDB0066,LOUXDWSTD-U-B,Windows7_STD_B
SIMXDWSTDB0068,LOUXDWSTD-U-B,Windows7_STD_B
SIMXDWSTDB0070,LOUXDWSTD-U-B,Windows7_STD_B
SIMXDWSTDB0072,LOUXDWSTD-U-B,Windows7_STD_B
SIMXDWSTDB0074,LOUXDWSTD-U-B,Windows7_STD_B
SIMXDWSTDB0076,LOUXDWSTD-U-B,Windows7_STD_B
SIMXDWSTDB0078,LOUXDWSTD-U-B,Windows7_STD_B
SIMXDWSTDB0080,LOUXDWSTD-U-B,Windows7_STD_B
SIMXDWSTDB0082,LOUXDWSTD-U-B,Windows7_STD_B
SIMXDWSTDB0084,LOUXDWSTD-U-B,Windows7_STD_B
SIMXDWSTDB0086,LOUXDWSTD-U-B,Windows7_STD_B
SIMXDWSTDB0088,LOUXDWSTD-U-B,Windows7_STD_B
SIMXDWSTDB0090,LOUXDWSTD-U-B,Windows7_STD_B
SIMXDWSTDB0092,LOUXDWSTD-U-B,Windows7_STD_B
SIMXDWSTDB0094,LOUXDWSTD-U-B,Windows7_STD_B
SIMXDWSTDB0096,LOUXDWSTD-U-B,Windows7_STD_B
SIMXDWSTDB0098,LOUXDWSTD-U-B,Windows7_STD_B
SIMXDWSTDB0100,LOUXDWSTD-U-B,Windows7_STD_B
SIMXDWSTDB0102,LOUXDWSTD-U-B,Windows7_STD_B
SIMXDWSTDB0104,LOUXDWSTD-U-B,Windows7_STD_B
SIMXDWSTDB0106,LOUXDWSTD-U-B,Windows7_STD_B
SIMXDWSTDB0108,LOUXDWSTD-U-B,Windows7_STD_B
SIMXDWSTDB0110,LOUXDWSTD-U-B,Windows7_STD_B
SIMXDWSTDB0112,LOUXDWSTD-U-B,Windows7_STD_B
SIMXDWSTDB0114,LOUXDWSTD-U-B,Windows7_STD_B
SIMXDWSTDB0116,LOUXDWSTD-U-B,Windows7_STD_B
SIMXDWSTDB0118,LOUXDWSTD-U-B,Windows7_STD_B
SIMXDWSTDB0120,LOUXDWSTD-U-B,Windows7_STD_B
SIMXDWSTDB0122,LOUXDWSTD-U-B,Windows7_STD_B
SIMXDWSTDB0124,LOUXDWSTD-U-B,Windows7_STD_B
SIMXDWSTDB0126,LOUXDWSTD-U-B,Windows7_STD_B
SIMXDWSTDB0128,LOUXDWSTD-U-B,Windows7_STD_B
SIMXDWSTDB0130,LOUXDWSTD-U-B,Windows7_STD_B
SIMXDWSTDB0132,LOUXDWSTD-U-B,Windows7_STD_B
SIMXDWSTDB0134,LOUXDWSTD-U-B,Windows7_STD_B
SIMXDWSTDB0136,LOUXDWSTD-U-B,Windows7_STD_B
SIMXDWSTDB0138,LOUXDWSTD-U-B,Windows7_STD_B
SIMXDWSTDB0140,LOUXDWSTD-U-B,Windows7_STD_B
SIMXDWSTDB0142,LOUXDWSTD-U-B,Windows7_STD_B
SIMXDWSTDB0144,LOUXDWSTD-U-B,Windows7_STD_B
SIMXDWSTDB0146,LOUXDWSTD-U-B,Windows7_STD_B
SIMXDWSTDB0148,LOUXDWSTD-U-B,Windows7_STD_B
