LOUXDWDEVA0134,LDC_Xen_Net13-10.224.24.0
LOUXDWDEVA0253,LDC_Xen_Net13-10.224.24.0
LOUXDWDEVA0258,LDC_Xen_Net13-10.224.24.0
LOUXDWDEVA0306,LDC_Xen_Net13-10.224.24.0
LOUXDWDEVA0484,LDC_Xen_Net13-10.224.24.0
LOUXDWDEVA0643,LDC_Xen_Net13-10.224.24.0
LOUXDWDEVA0761,LDC_Xen_Net13-10.224.24.0
LOUXDWDEVB0090,LDC_Xen_Net13-10.224.24.0
LOUXDWDEVB0231,LDC_Xen_Net13-10.224.24.0
LOUXDWDEVB0295,LDC_Xen_Net13-10.224.24.0
LOUXDWDEVB0438,LDC_Xen_Net13-10.224.24.0
LOUXDWDEVB0641,LDC_Xen_Net13-10.224.24.0
LOUXDWDEVB0754,LDC_Xen_Net13-10.224.24.0
LOUXDWDEVB0773,LDC_Xen_Net13-10.224.24.0
LOUXDWDEVB1196,LDC_Xen_Net13-10.224.24.0
LOUXDWDEVB1295,LDC_Xen_Net13-10.224.24.0
LOUXDWDEVB1379,LDC_Xen_Net13-10.224.24.0
LOUXDWDEVB1389,LDC_Xen_Net13-10.224.24.0
LOUXDWDEVB1551,LDC_Xen_Net13-10.224.24.0
LOUXDWDEVB1553,LDC_Xen_Net13-10.224.24.0
LOUXDWDEVB1578,LDC_Xen_Net13-10.224.24.0
LOUXDWDEVB1692,LDC_Xen_Net13-10.224.24.0
LOUXDWDEVB1738,LDC_Xen_Net13-10.224.24.0
LOUXDWDEVB1764,LDC_Xen_Net13-10.224.24.0
LOUXDWDEVB1810,LDC_Xen_Net13-10.224.24.0
LOUXDWDEVB1898,LDC_Xen_Net13-10.224.24.0
LOUXDWDEVB2051,LDC_Xen_Net13-10.224.24.0
LOUXDWDEVB2085,LDC_Xen_Net13-10.224.24.0
LOUXDWDEVB2184,LDC_Xen_Net13-10.224.24.0
LOUXDWDEVB2198,LDC_Xen_Net13-10.224.24.0
LOUXDWDEVB2256,LDC_Xen_Net13-10.224.24.0
LOUXDWDEVB2371,LDC_Xen_Net13-10.224.24.0
LOUXDWDEVB2581,LDC_Xen_Net13-10.224.24.0
LOUXDWDEVB2592,LDC_Xen_Net13-10.224.24.0
LOUXDWDEVB2614,LDC_Xen_Net13-10.224.24.0
LOUXDWDEVB2624,LDC_Xen_Net13-10.224.24.0
LOUXDWDEVC0127,LDC_Xen_Net13-10.224.24.0
LOUXDWDEVC0176,LDC_Xen_Net13-10.224.24.0
LOUXDWDEVC0272,LDC_Xen_Net13-10.224.24.0
LOUXDWDEVC2015,LDC_Xen_Net13-10.224.24.0
LOUXDWDEVC2052,LDC_Xen_Net13-10.224.24.0
LOUXDWDEVC2070,LDC_Xen_Net13-10.224.24.0
LOUXDWDEVC2156,LDC_Xen_Net13-10.224.24.0
LOUXDWDEVC2226,LDC_Xen_Net13-10.224.24.0
LOUXDWDEVC2227,LDC_Xen_Net13-10.224.24.0
LOUXDWDEVC2235,LDC_Xen_Net13-10.224.24.0
LOUXDWDEVC2237,LDC_Xen_Net13-10.224.24.0
LOUXDWDEVC2241,LDC_Xen_Net13-10.224.24.0
LOUXDWDEVC2262,LDC_Xen_Net13-10.224.24.0
LOUXDWDEVC2329,LDC_Xen_Net13-10.224.24.0
LOUXDWDEVC2341,LDC_Xen_Net13-10.224.24.0
LOUXDWDEVC2393,LDC_Xen_Net13-10.224.24.0
LOUXDWSTDB0698,LDC_Xen_Net13-10.224.24.0
LOUXDWSTDB0791,LDC_Xen_Net13-10.224.24.0
LOUXDWTSSA0054,LDC_Xen_Net13-10.224.24.0
LOUXDWTSSA0099,LDC_Xen_Net13-10.224.24.0
