HUMAD\SIMXDWDEVB3246,8
HUMAD\SIMXDWDEVB3230,8
HUMAD\SIMXDWDEVB3250,8
HUMAD\SIMXDWDEVB3229,8
HUMAD\SIMXDWDEVB3255,8
HUMAD\SIMXDWDEVB3248,8
HUMAD\SIMXDWDEVB3231,8
HUMAD\SIMXDWDEVB3253,8
HUMAD\SIMXDWDEVB3244,8
HUMAD\SIMXDWDEVB3233,8
HUMAD\SIMXDWDEVB3238,8
HUMAD\SIMXDWDEVB3223,8
HUMAD\SIMXDWDEVB3236,8
HUMAD\SIMXDWDEVB3249,8
HUMAD\SIMXDWDEVB3251,8
HUMAD\SIMXDWDEVB3225,8
HUMAD\SIMXDWDEVB3241,8
HUMAD\SIMXDWDEVB3235,8
HUMAD\SIMXDWDEVB3242,8
HUMAD\SIMXDWDEVB3228,8
HUMAD\SIMXDWDEVB3178,8
HUMAD\SIMXDWDEVB3191,8
HUMAD\SIMXDWDEVB3185,8
