LOUXDWSTDC0566,LOUXDWSTD-U-C1,W7_STD_C
LOUXDWSTDC0567,LOUXDWSTD-U-C1,W7_STD_C
LOUXDWSTDC0568,LOUXDWSTD-U-C1,W7_STD_C
LOUXDWSTDC0569,LOUXDWSTD-U-C1,W7_STD_C
LOUXDWSTDC0570,LOUXDWSTD-U-C1,W7_STD_C
LOUXDWSTDC0571,LOUXDWSTD-U-C1,W7_STD_C
LOUXDWSTDC0572,LOUXDWSTD-U-C1,W7_STD_C
LOUXDWSTDC0573,LOUXDWSTD-U-C1,W7_STD_C
LOUXDWSTDC0574,LOUXDWSTD-U-C1,W7_STD_C
LOUXDWSTDC0575,LOUXDWSTD-U-C1,W7_STD_C
LOUXDWSTDC0576,LOUXDWSTD-U-C1,W7_STD_C
LOUXDWSTDC0577,LOUXDWSTD-U-C1,W7_STD_C
LOUXDWSTDC0578,LOUXDWSTD-U-C1,W7_STD_C
LOUXDWSTDC0579,LOUXDWSTD-U-C1,W7_STD_C
LOUXDWSTDC0580,LOUXDWSTD-U-C1,W7_STD_C
LOUXDWSTDC0581,LOUXDWSTD-U-C1,W7_STD_C
LOUXDWSTDC0582,LOUXDWSTD-U-C1,W7_STD_C
LOUXDWSTDC0583,LOUXDWSTD-U-C1,W7_STD_C
LOUXDWSTDC0584,LOUXDWSTD-U-C1,W7_STD_C
LOUXDWSTDC0585,LOUXDWSTD-U-C1,W7_STD_C
LOUXDWSTDC0586,LOUXDWSTD-U-C1,W7_STD_C
LOUXDWSTDC0587,LOUXDWSTD-U-C1,W7_STD_C
LOUXDWSTDC0588,LOUXDWSTD-U-C1,W7_STD_C
LOUXDWSTDC0589,LOUXDWSTD-U-C1,W7_STD_C
LOUXDWSTDC0590,LOUXDWSTD-U-C1,W7_STD_C
LOUXDWSTDC0591,LOUXDWSTD-U-C1,W7_STD_C
LOUXDWSTDC0592,LOUXDWSTD-U-C1,W7_STD_C
LOUXDWSTDC0593,LOUXDWSTD-U-C1,W7_STD_C
LOUXDWSTDC0594,LOUXDWSTD-U-C1,W7_STD_C
LOUXDWSTDC0595,LOUXDWSTD-U-C1,W7_STD_C
