LOUXDWSTDC0056,LOUXDWSTD-U-C,Windows7_STD_C
LOUXDWSTDC0057,LOUXDWSTD-U-C,Windows7_STD_C
LOUXDWSTDC0058,LOUXDWSTD-U-C,Windows7_STD_C
LOUXDWSTDC0059,LOUXDWSTD-U-C,Windows7_STD_C
LOUXDWSTDC0060,LOUXDWSTD-U-C,Windows7_STD_C
LOUXDWSTDC0061,LOUXDWSTD-U-C,Windows7_STD_C
LOUXDWSTDC0062,LOUXDWSTD-U-C,Windows7_STD_C
LOUXDWSTDC0063,LOUXDWSTD-U-C,Windows7_STD_C
LOUXDWSTDC0064,LOUXDWSTD-U-C,Windows7_STD_C
LOUXDWSTDC0065,LOUXDWSTD-U-C,Windows7_STD_C
LOUXDWSTDC0066,LOUXDWSTD-U-C,Windows7_STD_C
LOUXDWSTDC0067,LOUXDWSTD-U-C,Windows7_STD_C
LOUXDWSTDC0068,LOUXDWSTD-U-C,Windows7_STD_C
LOUXDWSTDC0069,LOUXDWSTD-U-C,Windows7_STD_C
LOUXDWSTDC0070,LOUXDWSTD-U-C,Windows7_STD_C
LOUXDWSTDC0071,LOUXDWSTD-U-C,Windows7_STD_C
LOUXDWSTDC0072,LOUXDWSTD-U-C,Windows7_STD_C
LOUXDWSTDC0073,LOUXDWSTD-U-C,Windows7_STD_C
LOUXDWSTDC0074,LOUXDWSTD-U-C,Windows7_STD_C
LOUXDWSTDC0075,LOUXDWSTD-U-C,Windows7_STD_C
LOUXDWSTDC0076,LOUXDWSTD-U-C,Windows7_STD_C
LOUXDWSTDC0077,LOUXDWSTD-U-C,Windows7_STD_C
LOUXDWSTDC0078,LOUXDWSTD-U-C,Windows7_STD_C
LOUXDWSTDC0079,LOUXDWSTD-U-C,Windows7_STD_C
LOUXDWSTDC0080,LOUXDWSTD-U-C,Windows7_STD_C
LOUXDWSTDC0081,LOUXDWSTD-U-C,Windows7_STD_C
LOUXDWSTDC0082,LOUXDWSTD-U-C,Windows7_STD_C
LOUXDWSTDC0083,LOUXDWSTD-U-C,Windows7_STD_C
LOUXDWSTDC0084,LOUXDWSTD-U-C,Windows7_STD_C
LOUXDWSTDC0085,LOUXDWSTD-U-C,Windows7_STD_C
LOUXDWSTDC0086,LOUXDWSTD-U-C,Windows7_STD_C
LOUXDWSTDC0087,LOUXDWSTD-U-C,Windows7_STD_C
LOUXDWSTDC0088,LOUXDWSTD-U-C,Windows7_STD_C
LOUXDWSTDC0089,LOUXDWSTD-U-C,Windows7_STD_C
LOUXDWSTDC0090,LOUXDWSTD-U-C,Windows7_STD_C
