VmName,FolderName
SIMXDWDIGW001,BillingEnrollment
SIMXDWDIGW002,BillingEnrollment
SIMXDWDIGW003,BillingEnrollment
SIMXDWDIGW004,BillingEnrollment
SIMXDWDIGW005,BillingEnrollment
SIMXDWDIGW006,BillingEnrollment
SIMXDWDIGW007,BillingEnrollment
SIMXDWDIGW008,BillingEnrollment
SIMXDWDIGW009,BillingEnrollment
SIMXDWDIGW010,BillingEnrollment
SIMXDWDIGW011,BillingEnrollment
SIMXDWDIGW012,BillingEnrollment
SIMXDWDIGW013,BillingEnrollment
SIMXDWDIGW014,BillingEnrollment
SIMXDWDIGW015,BillingEnrollment
SIMXDWDIGW016,BillingEnrollment
SIMXDWDIGW017,BillingEnrollment
SIMXDWDIGW018,BillingEnrollment
SIMXDWDIGW019,BillingEnrollment
SIMXDWDIGW020,BillingEnrollment
SIMXDWDIGW021,BillingEnrollment
SIMXDWDIGW022,BillingEnrollment
SIMXDWDIGW023,BillingEnrollment
SIMXDWDIGW024,BillingEnrollment
SIMXDWDIGW025,BillingEnrollment
SIMXDWDIGW026,BillingEnrollment
SIMXDWDIGW027,BillingEnrollment
SIMXDWDIGW028,BillingEnrollment
SIMXDWDIGW029,BillingEnrollment
SIMXDWDIGW030,BillingEnrollment
SIMXDWDIGW031,BillingEnrollment
SIMXDWDIGW032,BillingEnrollment
SIMXDWDIGW033,BillingEnrollment
SIMXDWDIGW034,BillingEnrollment
SIMXDWDIGW035,BillingEnrollment
SIMXDWDIGW036,BillingEnrollment
SIMXDWDIGW037,BillingEnrollment
SIMXDWDIGW038,BillingEnrollment
SIMXDWDIGW039,BillingEnrollment
SIMXDWDIGW040,BillingEnrollment
SIMXDWDIGW041,BillingEnrollment
SIMXDWDIGW042,BillingEnrollment
SIMXDWDIGW043,BillingEnrollment
SIMXDWDIGW044,BillingEnrollment
SIMXDWDIGW045,BillingEnrollment
SIMXDWDIGW046,BillingEnrollment
SIMXDWDIGW047,BillingEnrollment
SIMXDWDIGW048,BillingEnrollment
SIMXDWDIGW049,BillingEnrollment
SIMXDWDIGW050,BillingEnrollment
SIMXDWDIGW051,BillingEnrollment
SIMXDWDIGW052,BillingEnrollment
SIMXDWDIGW053,BillingEnrollment
SIMXDWDIGW054,BillingEnrollment
SIMXDWDIGW055,BillingEnrollment
SIMXDWDIGW056,BillingEnrollment
SIMXDWDIGW057,BillingEnrollment
SIMXDWDIGW058,BillingEnrollment
SIMXDWDIGW059,BillingEnrollment
SIMXDWDIGW060,BillingEnrollment
SIMXDWDIGW061,BillingEnrollment
SIMXDWDIGW062,BillingEnrollment
SIMXDWDIGW063,BillingEnrollment
SIMXDWDIGW064,BillingEnrollment
SIMXDWDIGW065,BillingEnrollment
SIMXDWDIGW066,BillingEnrollment
SIMXDWDIGW067,BillingEnrollment
SIMXDWDIGW068,BillingEnrollment
SIMXDWDIGW069,BillingEnrollment
SIMXDWDIGW070,BillingEnrollment
SIMXDWDIGW071,BillingEnrollment
SIMXDWDIGW072,BillingEnrollment
SIMXDWDIGW073,BillingEnrollment
SIMXDWDIGW074,BillingEnrollment
SIMXDWDIGW075,BillingEnrollment
SIMXDWDIGW076,BillingEnrollment
SIMXDWDIGW077,BillingEnrollment
SIMXDWDIGW078,BillingEnrollment
SIMXDWDIGW079,BillingEnrollment
SIMXDWDIGW080,BillingEnrollment
SIMXDWDIGW081,BillingEnrollment
SIMXDWDIGW082,BillingEnrollment
SIMXDWDIGW083,BillingEnrollment
SIMXDWDIGW084,BillingEnrollment
SIMXDWDIGW085,BillingEnrollment
SIMXDWDIGW086,BillingEnrollment
SIMXDWDIGW087,BillingEnrollment
SIMXDWDIGW088,BillingEnrollment
SIMXDWDIGW089,BillingEnrollment
SIMXDWDIGW090,BillingEnrollment
SIMXDWDIGW091,BillingEnrollment
SIMXDWDIGW092,BillingEnrollment
SIMXDWDIGW093,BillingEnrollment
SIMXDWDIGW094,BillingEnrollment
SIMXDWDIGW095,BillingEnrollment
SIMXDWDIGW096,BillingEnrollment
SIMXDWDIGW097,BillingEnrollment
SIMXDWDIGW098,BillingEnrollment
SIMXDWDIGW099,BillingEnrollment
SIMXDWDIGW100,BillingEnrollment
SIMXDWDIGW101,BillingEnrollment
SIMXDWDIGW102,BillingEnrollment
SIMXDWDIGW103,BillingEnrollment
SIMXDWDIGW104,BillingEnrollment
SIMXDWDIGW105,BillingEnrollment
SIMXDWDIGW106,BillingEnrollment
SIMXDWDIGW107,BillingEnrollment
SIMXDWDIGW108,BillingEnrollment
SIMXDWDIGW109,BillingEnrollment
SIMXDWDIGW110,BillingEnrollment
SIMXDWDIGW111,BillingEnrollment
SIMXDWDIGW112,BillingEnrollment
SIMXDWDIGW113,BillingEnrollment
SIMXDWDIGW114,BillingEnrollment
SIMXDWDIGW115,BillingEnrollment
SIMXDWDIGW116,BillingEnrollment
SIMXDWDIGW117,BillingEnrollment
SIMXDWDIGW118,BillingEnrollment
SIMXDWDIGW119,BillingEnrollment
SIMXDWDIGW120,BillingEnrollment
SIMXDWDIGW121,BillingEnrollment
SIMXDWDIGW122,BillingEnrollment
SIMXDWDIGW123,BillingEnrollment
SIMXDWDIGW124,BillingEnrollment
SIMXDWDIGW125,BillingEnrollment
SIMXDWDIGW126,Claims
SIMXDWDIGW127,Claims
SIMXDWDIGW128,Claims
SIMXDWDIGW129,Claims
SIMXDWDIGW130,Claims
SIMXDWDIGW131,Claims
SIMXDWDIGW132,Claims
SIMXDWDIGW133,Claims
SIMXDWDIGW134,Claims
SIMXDWDIGW135,Claims
SIMXDWDIGW136,Claims
SIMXDWDIGW137,Claims
SIMXDWDIGW138,Claims
SIMXDWDIGW139,Claims
SIMXDWDIGW140,Claims
SIMXDWDIGW141,Claims
SIMXDWDIGW142,Claims
SIMXDWDIGW143,Claims
SIMXDWDIGW144,Claims
SIMXDWDIGW145,Claims
SIMXDWDIGW146,Claims
SIMXDWDIGW147,Claims
SIMXDWDIGW148,Claims
SIMXDWDIGW149,Claims
SIMXDWDIGW150,Claims
SIMXDWDIGW151,Claims
SIMXDWDIGW152,Claims
SIMXDWDIGW153,Claims
SIMXDWDIGW154,Claims
SIMXDWDIGW155,Claims
SIMXDWDIGW156,Claims
SIMXDWDIGW157,Claims
SIMXDWDIGW158,Claims
SIMXDWDIGW159,Claims
SIMXDWDIGW160,Claims
SIMXDWDIGW161,Claims
SIMXDWDIGW162,Claims
SIMXDWDIGW163,Claims
SIMXDWDIGW164,Claims
SIMXDWDIGW165,Claims
SIMXDWDIGW166,Claims
SIMXDWDIGW167,Claims
SIMXDWDIGW168,Claims
SIMXDWDIGW169,Claims
SIMXDWDIGW170,Claims
SIMXDWDIGW171,Claims
SIMXDWDIGW172,Claims
SIMXDWDIGW173,Claims
SIMXDWDIGW174,Claims
SIMXDWDIGW175,Claims
SIMXDWDIGW176,Claims
SIMXDWDIGW177,Claims
SIMXDWDIGW178,Claims
SIMXDWDIGW179,Claims
SIMXDWDIGW180,Claims
SIMXDWDIGW181,Claims
SIMXDWDIGW182,Claims
SIMXDWDIGW183,Claims
SIMXDWDIGW184,Claims
SIMXDWDIGW185,Claims
SIMXDWDIGW186,Claims
SIMXDWDIGW187,Claims
SIMXDWDIGW188,Claims
SIMXDWDIGW189,Claims
SIMXDWDIGW190,Claims
SIMXDWDIGW191,Claims
SIMXDWDIGW192,Claims
SIMXDWDIGW193,Claims
SIMXDWDIGW194,Claims
SIMXDWDIGW195,Claims
SIMXDWDIGW196,Claims
SIMXDWDIGW197,Claims
SIMXDWDIGW198,Claims
SIMXDWDIGW199,Claims
SIMXDWDIGW200,Claims
SIMXDWDIGW201,Claims
SIMXDWDIGW202,Claims
SIMXDWDIGW203,Claims
SIMXDWDIGW204,Claims
SIMXDWDIGW205,Claims
SIMXDWDIGW206,Claims
SIMXDWDIGW207,Claims
SIMXDWDIGW208,Claims
SIMXDWDIGW209,Claims
SIMXDWDIGW210,Claims
SIMXDWDIGW211,Claims
SIMXDWDIGW212,Claims
SIMXDWDIGW213,Claims
SIMXDWDIGW214,Claims
SIMXDWDIGW215,Claims
SIMXDWDIGW216,Claims
SIMXDWDIGW217,Claims
SIMXDWDIGW218,Claims
SIMXDWDIGW219,Claims
SIMXDWDIGW220,Claims
SIMXDWDIGW221,Claims
SIMXDWDIGW222,Claims
SIMXDWDIGW223,Claims
SIMXDWDIGW224,Claims
SIMXDWDIGW225,Claims
SIMXDWDIGW226,Claims
SIMXDWDIGW227,Claims
SIMXDWDIGW228,Claims
SIMXDWDIGW229,Claims
SIMXDWDIGW230,Claims
SIMXDWDIGW231,Claims
SIMXDWDIGW232,Claims
SIMXDWDIGW233,Claims
SIMXDWDIGW234,Claims
SIMXDWDIGW235,Claims
SIMXDWDIGW236,Claims
SIMXDWDIGW237,Claims
SIMXDWDIGW238,Claims
SIMXDWDIGW239,Claims
SIMXDWDIGW240,Claims
SIMXDWDIGW241,Claims
SIMXDWDIGW242,Claims
SIMXDWDIGW243,Claims
SIMXDWDIGW244,Claims
SIMXDWDIGW245,Claims
SIMXDWDIGW246,Claims
SIMXDWDIGW247,Claims
SIMXDWDIGW248,Claims
SIMXDWDIGW249,Claims
SIMXDWDIGW250,Claims
SIMXDWDIGW251,Claims
SIMXDWDIGW252,Claims
SIMXDWDIGW253,Claims
SIMXDWDIGW254,Claims
SIMXDWDIGW255,Claims
SIMXDWDIGW256,Claims
SIMXDWDIGW257,Claims
SIMXDWDIGW258,Claims
SIMXDWDIGW259,Claims
SIMXDWDIGW260,Claims
SIMXDWDIGW261,Claims
SIMXDWDIGW262,Claims
SIMXDWDIGW263,Claims
SIMXDWDIGW264,Claims
SIMXDWDIGW265,Claims
SIMXDWDIGW266,Claims
SIMXDWDIGW267,Claims
SIMXDWDIGW268,Claims
SIMXDWDIGW269,Claims
SIMXDWDIGW270,Claims
SIMXDWDIGW271,Claims
SIMXDWDIGW272,Claims
SIMXDWDIGW273,Claims
SIMXDWDIGW274,Claims
SIMXDWDIGW275,Claims
SIMXDWDIGW276,Claims
SIMXDWDIGW277,Claims
SIMXDWDIGW278,Claims
SIMXDWDIGW279,Claims
SIMXDWDIGW280,Claims
SIMXDWDIGW281,Claims
SIMXDWDIGW282,Claims
SIMXDWDIGW283,Claims
SIMXDWDIGW284,Claims
SIMXDWDIGW285,Claims
SIMXDWDIGW286,Claims
SIMXDWDIGW287,Claims
SIMXDWDIGW288,Claims
SIMXDWDIGW289,Claims
SIMXDWDIGW290,Claims
SIMXDWDIGW291,Claims
SIMXDWDIGW292,Claims
SIMXDWDIGW293,Claims
SIMXDWDIGW294,Claims
SIMXDWDIGW295,Claims
SIMXDWDIGW296,Claims
SIMXDWDIGW297,Claims
SIMXDWDIGW298,Claims
SIMXDWDIGW299,Claims
SIMXDWDIGW300,Claims
SIMXDWDIGW301,Claims
SIMXDWDIGW302,Claims
SIMXDWDIGW303,Claims
SIMXDWDIGW304,Claims
SIMXDWDIGW305,Claims
SIMXDWDIGW306,Claims
SIMXDWDIGW307,Claims
SIMXDWDIGW308,Claims
SIMXDWDIGW309,Claims
SIMXDWDIGW310,Claims
SIMXDWDIGW311,Claims
SIMXDWDIGW312,Claims
SIMXDWDIGW313,Claims
SIMXDWDIGW314,Claims
SIMXDWDIGW315,Claims
SIMXDWDIGW316,Claims
SIMXDWDIGW317,Claims
SIMXDWDIGW318,Claims
SIMXDWDIGW319,Claims
SIMXDWDIGW320,Claims
SIMXDWDIGW321,Claims
SIMXDWDIGW322,Claims
SIMXDWDIGW323,Claims
SIMXDWDIGW324,Claims
SIMXDWDIGW325,Claims
SIMXDWDIGW326,Claims
SIMXDWDIGW327,Claims
SIMXDWDIGW328,Claims
SIMXDWDIGW329,Claims
SIMXDWDIGW330,Claims
SIMXDWDIGW331,Claims
SIMXDWDIGW332,Claims
SIMXDWDIGW333,Claims
SIMXDWDIGW334,Claims
SIMXDWDIGW335,Claims
SIMXDWDIGW336,Claims
SIMXDWDIGW337,Claims
SIMXDWDIGW338,Claims
SIMXDWDIGW339,Claims
SIMXDWDIGW340,Claims
SIMXDWDIGW341,Claims
SIMXDWDIGW342,Claims
SIMXDWDIGW343,Claims
SIMXDWDIGW344,Claims
SIMXDWDIGW345,Claims
SIMXDWDIGW346,Claims
SIMXDWDIGW347,Claims
SIMXDWDIGW348,Claims
SIMXDWDIGW349,Claims
SIMXDWDIGW350,Claims
SIMXDWDIGW351,Claims
SIMXDWDIGW352,Claims
SIMXDWDIGW353,Claims
SIMXDWDIGW354,Claims
SIMXDWDIGW355,Claims
SIMXDWDIGW356,Claims
SIMXDWDIGW357,Claims
SIMXDWDIGW358,Claims
SIMXDWDIGW359,Claims
SIMXDWDIGW360,Claims
SIMXDWDIGW361,Claims
SIMXDWDIGW362,Claims
SIMXDWDIGW363,Claims
SIMXDWDIGW364,Claims
SIMXDWDIGW365,Claims
SIMXDWDIGW366,Claims
SIMXDWDIGW367,Claims
SIMXDWDIGW368,Claims
SIMXDWDIGW369,Claims
SIMXDWDIGW370,Claims
SIMXDWDIGW371,Claims
SIMXDWDIGW372,Claims
SIMXDWDIGW373,Claims
SIMXDWDIGW374,Claims
SIMXDWDIGW375,Claims
SIMXDWDIGW376,Claims
SIMXDWDIGW377,Claims
SIMXDWDIGW378,Claims
SIMXDWDIGW379,Claims
SIMXDWDIGW380,Claims
SIMXDWDIGW381,Claims
SIMXDWDIGW382,Claims
SIMXDWDIGW383,Claims
SIMXDWDIGW384,Claims
SIMXDWDIGW385,Claims
SIMXDWDIGW386,Claims
SIMXDWDIGW387,Claims
SIMXDWDIGW388,Claims
SIMXDWDIGW389,Claims
SIMXDWDIGW390,Claims
SIMXDWDIGW391,Claims
SIMXDWDIGW392,Claims
SIMXDWDIGW393,Claims
SIMXDWDIGW394,Claims
SIMXDWDIGW395,Claims
SIMXDWDIGW396,Claims
SIMXDWDIGW397,Claims
SIMXDWDIGW398,Claims
SIMXDWDIGW399,Claims
SIMXDWDIGW400,Claims
SIMXDWDIGW401,Claims
SIMXDWDIGW402,Claims
SIMXDWDIGW403,Claims
SIMXDWDIGW404,Claims
SIMXDWDIGW405,Claims
SIMXDWDIGW406,Claims
SIMXDWDIGW407,Claims
SIMXDWDIGW408,Claims
SIMXDWDIGW409,Claims
SIMXDWDIGW410,Claims
SIMXDWDIGW411,Claims
SIMXDWDIGW412,Claims
SIMXDWDIGW413,Claims
SIMXDWDIGW414,Claims
SIMXDWDIGW415,Claims
SIMXDWDIGW416,Claims
SIMXDWDIGW417,Claims
SIMXDWDIGW418,Claims
SIMXDWDIGW419,Claims
SIMXDWDIGW420,Claims
SIMXDWDIGW421,Claims
SIMXDWDIGW422,Claims
SIMXDWDIGW423,Claims
SIMXDWDIGW424,Claims
SIMXDWDIGW425,Claims
SIMXDWDIGW426,Claims
SIMXDWDIGW427,Claims
SIMXDWDIGW428,Claims
SIMXDWDIGW429,Claims
SIMXDWDIGW430,Claims
SIMXDWDIGW431,Claims
SIMXDWDIGW432,Claims
SIMXDWDIGW433,Claims
SIMXDWDIGW434,Claims
SIMXDWDIGW435,Claims
SIMXDWDIGW436,Claims
SIMXDWDIGW437,Claims
SIMXDWDIGW438,Claims
SIMXDWDIGW439,Claims
SIMXDWDIGW440,Claims
SIMXDWDIGW441,Claims
SIMXDWDIGW442,Claims
SIMXDWDIGW443,Claims
SIMXDWDIGW444,Claims
SIMXDWDIGW445,Claims
SIMXDWDIGW446,Claims
SIMXDWDIGW447,Claims
SIMXDWDIGW448,Claims
SIMXDWDIGW449,Claims
SIMXDWDIGW450,Claims
SIMXDWDIGW451,Claims
SIMXDWDIGW452,Claims
SIMXDWDIGW453,Claims
SIMXDWDIGW454,Claims
SIMXDWDIGW455,Claims
SIMXDWDIGW456,Claims
SIMXDWDIGW457,Claims
SIMXDWDIGW458,Claims
SIMXDWDIGW459,Claims
SIMXDWDIGW460,Claims
SIMXDWDIGW461,Claims
SIMXDWDIGW462,Claims
SIMXDWDIGW463,Claims
SIMXDWDIGW464,Claims
SIMXDWDIGW465,Claims
SIMXDWDIGW466,Claims
SIMXDWDIGW467,Claims
SIMXDWDIGW468,Claims
SIMXDWDIGW469,Claims
SIMXDWDIGW470,Claims
SIMXDWDIGW471,Claims
SIMXDWDIGW472,Claims
SIMXDWDIGW473,Claims
SIMXDWDIGW474,Claims
SIMXDWDIGW475,Claims
SIMXDWDIGW476,Claims
SIMXDWDIGW477,Claims
SIMXDWDIGW478,Claims
SIMXDWDIGW479,Claims
SIMXDWDIGW480,Claims
SIMXDWDIGW481,Claims
SIMXDWDIGW482,Claims
SIMXDWDIGW483,Claims
SIMXDWDIGW484,Claims
SIMXDWDIGW485,Claims
SIMXDWDIGW486,Claims
SIMXDWDIGW487,Claims
SIMXDWDIGW488,Claims
SIMXDWDIGW489,Claims
SIMXDWDIGW490,Claims
SIMXDWDIGW491,Claims
SIMXDWDIGW492,Claims
SIMXDWDIGW493,Claims
SIMXDWDIGW494,Claims
SIMXDWDIGW495,Claims
SIMXDWDIGW496,Claims
SIMXDWDIGW497,Claims
SIMXDWDIGW498,Claims
SIMXDWDIGW499,Claims
SIMXDWDIGW500,Claims
SIMXDWDIGW501,Claims
SIMXDWDIGW502,Claims
SIMXDWDIGW503,Claims
SIMXDWDIGW504,Claims
SIMXDWDIGW505,Claims
SIMXDWDIGW506,Claims
SIMXDWDIGW507,Claims
SIMXDWDIGW508,Claims
SIMXDWDIGW509,Claims
SIMXDWDIGW510,Claims
SIMXDWDIGW511,Claims
SIMXDWDIGW512,Claims
SIMXDWDIGW513,Claims
SIMXDWDIGW514,Claims
SIMXDWDIGW515,Claims
SIMXDWDIGW516,Claims
SIMXDWDIGW517,Claims
SIMXDWDIGW518,Claims
SIMXDWDIGW519,Claims
SIMXDWDIGW520,Claims
SIMXDWDIGW521,Claims
SIMXDWDIGW522,Claims
SIMXDWDIGW523,Claims
SIMXDWDIGW524,Claims
SIMXDWDIGW525,Claims
SIMXDWDIGW526,Claims
SIMXDWDIGW527,Claims
SIMXDWDIGW528,Claims
SIMXDWDIGW529,Claims
SIMXDWDIGW530,Claims
SIMXDWDIGW531,Claims
SIMXDWDIGW532,Claims
SIMXDWDIGW533,Claims
SIMXDWDIGW534,Claims
SIMXDWDIGW535,Claims
SIMXDWDIGW536,Claims
SIMXDWDIGW537,Claims
SIMXDWDIGW538,Claims
SIMXDWDIGW539,Claims
SIMXDWDIGW540,Claims
SIMXDWDIGW541,FrontEnd
SIMXDWDIGW542,FrontEnd
SIMXDWDIGW543,FrontEnd
SIMXDWDIGW544,FrontEnd
SIMXDWDIGW545,FrontEnd
SIMXDWDIGW546,FrontEnd
SIMXDWDIGW547,FrontEnd
SIMXDWDIGW548,FrontEnd
SIMXDWDIGW549,FrontEnd
SIMXDWDIGW550,FrontEnd
SIMXDWDIGW551,Provider
SIMXDWDIGW552,Provider
SIMXDWDIGW553,Provider
SIMXDWDIGW554,Provider
SIMXDWDIGW555,Provider
SIMXDWDIGW556,Provider
SIMXDWDIGW557,Provider
SIMXDWDIGW558,Provider
SIMXDWDIGW559,Provider
SIMXDWDIGW560,Provider
SIMXDWDIGW561,Provider
SIMXDWDIGW562,Provider
SIMXDWDIGW563,Provider
SIMXDWDIGW564,Provider
SIMXDWDIGW565,Provider
SIMXDWDIGW566,Provider
SIMXDWDIGW567,Provider
SIMXDWDIGW568,Provider
SIMXDWDIGW569,Provider
SIMXDWDIGW570,Provider
SIMXDWDIGW571,Provider
SIMXDWDIGW572,Provider
SIMXDWDIGW573,Provider
SIMXDWDIGW574,Provider
SIMXDWDIGW575,Provider
SIMXDWDIGW576,Provider
SIMXDWDIGW577,Provider
SIMXDWDIGW578,Provider
SIMXDWDIGW579,Provider
SIMXDWDIGW580,Provider
SIMXDWDIGW581,Provider
SIMXDWDIGW582,Provider
SIMXDWDIGW583,Provider
SIMXDWDIGW584,Provider
SIMXDWDIGW585,Provider
SIMXDWDIGW586,Provider
SIMXDWDIGW587,Provider
SIMXDWDIGW588,Provider
SIMXDWDIGW589,Provider
SIMXDWDIGW590,Provider
SIMXDWDIGW591,Provider
SIMXDWDIGW592,Provider
SIMXDWDIGW593,Provider
SIMXDWDIGW594,Provider
SIMXDWDIGW595,Provider
SIMXDWDIGW596,Provider
SIMXDWDIGW597,Provider
SIMXDWDIGW598,Provider
SIMXDWDIGW599,Provider
SIMXDWDIGW600,Provider
SIMXDWDIGW601,Provider
SIMXDWDIGW602,Provider
SIMXDWDIGW603,Provider
SIMXDWDIGW604,Provider
SIMXDWDIGW605,Provider
SIMXDWDIGW606,Provider
SIMXDWDIGW607,Provider
SIMXDWDIGW608,Provider
SIMXDWDIGW609,Provider
SIMXDWDIGW610,Provider
SIMXDWDIGW611,Provider
SIMXDWDIGW612,Provider
SIMXDWDIGW613,Provider
SIMXDWDIGW614,Provider
SIMXDWDIGW615,Provider
SIMXDWDIGW616,Provider
SIMXDWDIGW617,Provider
SIMXDWDIGW618,Provider
SIMXDWDIGW619,Provider
SIMXDWDIGW620,Provider
SIMXDWDIGW621,Claims - QA
SIMXDWDIGW622,Claims - QA
SIMXDWDIGW623,Claims - QA
SIMXDWDIGW624,Claims - QA
SIMXDWDIGW625,Claims - QA
SIMXDWDIGW626,Claims - QA
SIMXDWDIGW627,Claims - QA
SIMXDWDIGW628,Claims - QA
SIMXDWDIGW629,Claims - QA
SIMXDWDIGW630,Claims - QA
SIMXDWDIGW631,Claims - QA
SIMXDWDIGW632,Claims - QA
SIMXDWDIGW633,Claims - QA
SIMXDWDIGW634,Claims - QA
SIMXDWDIGW635,Claims - QA
SIMXDWDIGW636,Claims - QA
SIMXDWDIGW637,Claims - QA
SIMXDWDIGW638,Claims - QA
SIMXDWDIGW639,Claims - QA
SIMXDWDIGW640,Claims - QA
SIMXDWDIGW641,Claims - QA
SIMXDWDIGW642,Claims - QA
SIMXDWDIGW643,Claims - QA
SIMXDWDIGW644,Claims - QA
SIMXDWDIGW645,Claims - QA
SIMXDWDIGW646,Claims - QA
SIMXDWDIGW647,Claims - QA
SIMXDWDIGW648,Claims - QA
SIMXDWDIGW649,Claims - QA
SIMXDWDIGW650,Claims - QA
SIMXDWDIGW651,Claims - QA
SIMXDWDIGW652,Claims - QA
SIMXDWDIGW653,Claims - QA
SIMXDWDIGW654,Claims - QA
SIMXDWDIGW655,Claims - QA
SIMXDWDIGW656,Claims - QA
SIMXDWDIGW657,Claims - QA
SIMXDWDIGW658,Claims - QA
SIMXDWDIGW659,Claims - QA
SIMXDWDIGW660,Claims - QA
SIMXDWDIGW661,Claims - QA
SIMXDWDIGW662,Claims - QA
SIMXDWDIGW663,Claims - QA
SIMXDWDIGW664,Claims - QA
SIMXDWDIGW665,Claims - QA
SIMXDWDIGW666,Claims - QA
SIMXDWDIGW667,Claims - QA
SIMXDWDIGW668,Claims - QA
SIMXDWDIGW669,Claims - QA
SIMXDWDIGW670,Claims - QA
SIMXDWDIGW671,Claims - QA
SIMXDWDIGW672,Claims - QA
SIMXDWDIGW673,Claims - QA
SIMXDWDIGW674,Claims - QA
SIMXDWDIGW675,Claims - QA
SIMXDWDIGW676,Claims - QA
SIMXDWDIGW677,Claims - QA
SIMXDWDIGW678,Claims - QA
SIMXDWDIGW679,Claims - QA
SIMXDWDIGW680,Claims - QA
SIMXDWDIGW681,Claims - QA
SIMXDWDIGW682,Claims - QA
SIMXDWDIGW683,Claims - QA
SIMXDWDIGW684,Claims - QA
SIMXDWDIGW685,Claims - QA
SIMXDWDIGW686,Claims - QA
SIMXDWDIGW687,Claims - QA
SIMXDWDIGW688,Claims - QA
SIMXDWDIGW689,Claims - QA
SIMXDWDIGW690,Claims - QA
SIMXDWDIGW691,Claims - QA
SIMXDWDIGW692,Claims - QA
SIMXDWDIGW693,Claims - QA
SIMXDWDIGW694,Claims - QA
SIMXDWDIGW695,Claims - QA
SIMXDWDIGW696,Claims - QA
SIMXDWDIGW697,Claims - QA
SIMXDWDIGW698,Claims - QA
SIMXDWDIGW699,Claims - QA
SIMXDWDIGW700,Claims - QA
SIMXDWDIGW701,Claims - QA
SIMXDWDIGW702,Claims - QA
SIMXDWDIGW703,Claims - QA
SIMXDWDIGW704,Claims - QA
SIMXDWDIGW705,Claims - QA
SIMXDWDIGW706,Claims - QA
SIMXDWDIGW707,Claims - QA
SIMXDWDIGW708,Claims - QA
SIMXDWDIGW709,Claims - QA
SIMXDWDIGW710,Claims - QA
SIMXDWDIGW711,Claims - QA
SIMXDWDIGW712,Claims - QA
SIMXDWDIGW713,Claims - QA
SIMXDWDIGW714,Claims - QA
SIMXDWDIGW715,Claims - QA
SIMXDWDIGW716,Claims - QA
SIMXDWDIGW717,Claims - QA
SIMXDWDIGW718,Claims - QA
SIMXDWDIGW719,Claims - QA
SIMXDWDIGW720,Claims - QA
SIMXDWDIGW721,Claims - QA
SIMXDWDIGW722,Claims - QA
SIMXDWDIGW723,Claims - QA
SIMXDWDIGW724,Claims - QA
SIMXDWDIGW725,Claims - QA
SIMXDWDIGW726,Claims - QA
SIMXDWDIGW727,Claims - QA
SIMXDWDIGW728,Claims - QA
SIMXDWDIGW729,Claims - QA
SIMXDWDIGW730,Claims - QA
SIMXDWDIGW731,Claims - QA
SIMXDWDIGW732,Claims - QA
SIMXDWDIGW733,Claims - QA
SIMXDWDIGW734,Claims - QA
SIMXDWDIGW735,Claims - QA
SIMXDWDIGW736,Claims - QA
SIMXDWDIGW737,Claims - QA
SIMXDWDIGW738,Claims - QA
SIMXDWDIGW739,Claims - QA
SIMXDWDIGW740,Claims - QA
SIMXDWDIGW741,Claims - QA
SIMXDWDIGW742,Claims - QA
SIMXDWDIGW743,Claims - QA
SIMXDWDIGW744,Claims - QA
SIMXDWDIGW745,Claims - QA
SIMXDWDIGW746,Claims - QA
SIMXDWDIGW747,Claims - QA
SIMXDWDIGW748,Claims - QA
SIMXDWDIGW749,Claims - QA
SIMXDWDIGW750,Claims - QA
SIMXDWDIGW751,Claims - QA
SIMXDWDIGW752,Claims - QA
SIMXDWDIGW753,Claims - QA
SIMXDWDIGW754,Claims - QA
SIMXDWDIGW755,Claims - QA
SIMXDWDIGW756,Claims - QA
SIMXDWDIGW757,Claims - QA
SIMXDWDIGW758,Claims - QA
SIMXDWDIGW759,Claims - QA
SIMXDWDIGW760,Claims - QA
SIMXDWDIGW761,Claims - QA
SIMXDWDIGW762,Claims - QA
SIMXDWDIGW763,Claims - QA
SIMXDWDIGW764,Claims - QA
SIMXDWDIGW765,Claims - QA
SIMXDWDIGW766,Claims - QA
SIMXDWDIGW767,Claims - QA
SIMXDWDIGW768,Claims - QA
SIMXDWDIGW769,Claims - QA
SIMXDWDIGW770,Claims - QA
SIMXDWDIGWA01,Alpha-Testing
SIMXDWDIGWA02,Alpha-Testing
SIMXDWDIGWA03,Alpha-Testing
SIMXDWDIGWA04,Alpha-Testing
SIMXDWDIGWA05,Alpha-Testing
SIMXDWDIGWA06,Alpha-Testing
SIMXDWDIGWA07,Alpha-Testing
SIMXDWDIGWA08,Alpha-Testing
SIMXDWDIGWA09,Alpha-Testing
SIMXDWDIGWA10,Alpha-Testing
SIMXDWDIGWA11,Alpha-Testing
SIMXDWDIGWA12,Alpha-Testing
SIMXDWDIGWA13,Alpha-Testing
SIMXDWDIGWA14,Alpha-Testing
SIMXDWDIGWA15,Alpha-Testing
SIMXDWDIGWA16,Alpha-Testing
SIMXDWDIGWA17,Alpha-Testing
SIMXDWDIGWA18,Alpha-Testing
SIMXDWDIGWA19,Alpha-Testing
SIMXDWDIGWA20,Alpha-Testing
SIMXDWDIGWB01,Beta-Testing
SIMXDWDIGWB02,Beta-Testing
SIMXDWDIGWB03,Beta-Testing
SIMXDWDIGWB04,Beta-Testing
SIMXDWDIGWB05,Beta-Testing
SIMXDWDIGWB06,Beta-Testing
SIMXDWDIGWB07,Beta-Testing
SIMXDWDIGWB08,Beta-Testing
SIMXDWDIGWB09,Beta-Testing
SIMXDWDIGWB10,Beta-Testing
SIMXDWDIGWB11,Beta-Testing
SIMXDWDIGWB12,Beta-Testing
SIMXDWDIGWB13,Beta-Testing
SIMXDWDIGWB14,Beta-Testing
SIMXDWDIGWB15,Beta-Testing
SIMXDWDIGWB16,Beta-Testing
SIMXDWDIGWB17,Beta-Testing
SIMXDWDIGWB18,Beta-Testing
SIMXDWDIGWB19,Beta-Testing
SIMXDWDIGWB20,Beta-Testing
SIMXDWDIGWP01,Power - Beta-Testing
SIMXDWDIGWP02,Power - Beta-Testing
SIMXDWDIGWP03,Power - Beta-Testing
SIMXDWDIGWP04,Power - BillingEnrollment
SIMXDWDIGWP05,Power - BillingEnrollment
SIMXDWDIGWP06,Power - Claims
SIMXDWDIGWP07,Power - Claims
SIMXDWDIGWP08,Power - Claims
SIMXDWDIGWP09,Power - FrontEnd
SIMXDWDIGWP10,Power - FrontEnd
SIMXDWDIGWP11,Power - Provider
SIMXDWDIGWP12,Power - Provider
SIMXDWDIGWP13,Power - QA
SIMXDWDIGWP14,Power - QA
SIMXDWDIGWP15,Power - QA
SIMXDWDIGWP16,Power - QA
SIMXDWDIGWU01,Power - Alpha-Testing
SIMXDWDIGWU02,Power - Beta-Testing
SIMXDWDIGWU03,Power - BillingEnrollment
SIMXDWDIGWU04,Power - Claims
SIMXDWDIGWU05,Power - Claims
SIMXDWDIGWU06,Power - Claims
SIMXDWDIGWU07,Power - Claims
SIMXDWDIGWU08,Power - Claims
SIMXDWDIGWU09,Power - Claims
SIMXDWDIGWU10,Power - Claims
SIMXDWDIGWU11,Power - Claims
SIMXDWDIGWU12,Power - FrontEnd
SIMXDWDIGWU13,Power - Provider
SIMXDWDIGWU14,Power - QA
SIMXDWPASW001,Standard VMs - Development
SIMXDWPASW002,Standard VMs - Development
SIMXDWPASW003,Standard VMs - Development
SIMXDWPASW004,Standard VMs - Development
SIMXDWPASW005,Standard VMs - Development
SIMXDWPASW006,Standard VMs - BillingEnrollment
SIMXDWPASW007,Standard VMs - BillingEnrollment
SIMXDWPASW008,Standard VMs - BillingEnrollment
SIMXDWPASW009,Standard VMs - BillingEnrollment
SIMXDWPASW010,Standard VMs - BillingEnrollment
SIMXDWPASW011,Standard VMs - BillingEnrollment
SIMXDWPASW012,Standard VMs - BillingEnrollment
SIMXDWPASW013,Standard VMs - BillingEnrollment
SIMXDWPASW014,Standard VMs - BillingEnrollment
SIMXDWPASW015,Standard VMs - BillingEnrollment
SIMXDWPASW016,Standard VMs - BillingEnrollment
SIMXDWPASW017,Standard VMs - BillingEnrollment
SIMXDWPASW018,Standard VMs - BillingEnrollment
SIMXDWPASW019,Standard VMs - BillingEnrollment
SIMXDWPASW020,Standard VMs - Claims
SIMXDWPASW021,Standard VMs - Claims
SIMXDWPASW022,Standard VMs - Claims
SIMXDWPASW023,Standard VMs - Claims
SIMXDWPASW024,Standard VMs - Claims
SIMXDWPASW025,Standard VMs - Claims
SIMXDWPASW026,Standard VMs - Claims
SIMXDWPASW027,Standard VMs - Claims
SIMXDWPASW028,Standard VMs - Claims
SIMXDWPASW029,Standard VMs - Claims
SIMXDWPASW030,Standard VMs - Claims
SIMXDWPASW031,Standard VMs - Claims
SIMXDWPASW032,Standard VMs - Claims
SIMXDWPASW033,Standard VMs - Claims
SIMXDWPASW034,Standard VMs - Claims
SIMXDWPASW035,Standard VMs - Claims
SIMXDWPASW036,Standard VMs - Claims
SIMXDWPASW037,Standard VMs - Claims
SIMXDWPASW038,Standard VMs - Claims
SIMXDWPASW039,Standard VMs - Claims
SIMXDWPASW040,Standard VMs - Claims
SIMXDWPASW041,Standard VMs - Claims
SIMXDWPASW042,Standard VMs - Claims
SIMXDWPASW043,Standard VMs - Claims
SIMXDWPASW044,Standard VMs - Claims
SIMXDWPASW045,Standard VMs - Claims
SIMXDWPASW046,Standard VMs - Claims
SIMXDWPASW047,Standard VMs - Claims
SIMXDWPASW048,Standard VMs - Claims
SIMXDWPASW049,Standard VMs - Claims
SIMXDWPASW050,Standard VMs - Claims
SIMXDWPASW051,Standard VMs - Claims
SIMXDWPASW052,Standard VMs - Claims
SIMXDWPASW053,Standard VMs - Claims
SIMXDWPASW054,Standard VMs - Claims
SIMXDWPASW055,Standard VMs - Claims
SIMXDWPASW056,Standard VMs - Claims
SIMXDWPASW057,Standard VMs - Claims
SIMXDWPASW058,Standard VMs - Claims
SIMXDWPASW059,Standard VMs - Claims
SIMXDWPASW060,Standard VMs - Claims
SIMXDWPASW061,Standard VMs - Claims
SIMXDWPASW062,Standard VMs - Claims
SIMXDWPASW063,Standard VMs - Claims
SIMXDWPASW064,Standard VMs - Claims
SIMXDWPASW065,Standard VMs - Claims
SIMXDWPASW066,Standard VMs - Claims
SIMXDWPASW067,Standard VMs - Claims
SIMXDWPASW068,Standard VMs - Claims
SIMXDWPASW069,Standard VMs - Claims
SIMXDWPASW070,Standard VMs - Claims
SIMXDWPASW071,Standard VMs - Claims
SIMXDWPASW072,Standard VMs - Claims
SIMXDWPASW073,Standard VMs - Claims
SIMXDWPASW074,Standard VMs - Claims
SIMXDWPASW075,Standard VMs - Claims
SIMXDWPASW076,Standard VMs - Claims
SIMXDWPASW077,Standard VMs - Claims
SIMXDWPASW078,Standard VMs - Claims
SIMXDWPASW079,Standard VMs - Claims
SIMXDWPASW080,Standard VMs - Claims
SIMXDWPASW081,Standard VMs - Claims
SIMXDWPASW082,Standard VMs - Claims
SIMXDWPASW083,Standard VMs - Claims
SIMXDWPASW084,Standard VMs - Claims
SIMXDWPASW085,Standard VMs - Claims
SIMXDWPASW086,Standard VMs - Claims
SIMXDWPASW087,Standard VMs - Claims
SIMXDWPASW088,Standard VMs - Claims
SIMXDWPASW089,Standard VMs - Claims
SIMXDWPASW090,Standard VMs - Claims
SIMXDWPASW091,Standard VMs - Claims
SIMXDWPASW092,Standard VMs - Claims
SIMXDWPASW093,Standard VMs - Claims
SIMXDWPASW094,Standard VMs - Claims
SIMXDWPASW095,Standard VMs - Claims
SIMXDWPASW096,Standard VMs - Claims
SIMXDWPASW097,Standard VMs - Claims
SIMXDWPASW098,Standard VMs - Claims
SIMXDWPASW099,Standard VMs - Claims
SIMXDWPASW100,Standard VMs - Claims
SIMXDWPASW101,Standard VMs - Claims
SIMXDWPASW102,Standard VMs - Claims
SIMXDWPASW103,Standard VMs - Claims
SIMXDWPASW104,Standard VMs - Claims
SIMXDWPASW105,Standard VMs - Claims
SIMXDWPASW106,Standard VMs - Claims
SIMXDWPASW107,Standard VMs - Claims
SIMXDWPASW108,Standard VMs - Claims
SIMXDWPASW109,Standard VMs - Claims
SIMXDWPASW110,Standard VMs - Claims
SIMXDWPASW111,Standard VMs - Claims
SIMXDWPASW112,Standard VMs - Claims
SIMXDWPASW113,Standard VMs - Claims
SIMXDWPASW114,Standard VMs - Claims
SIMXDWPASW115,Standard VMs - Claims
SIMXDWPASW116,Standard VMs - Claims
SIMXDWPASW117,Standard VMs - Claims
SIMXDWPASW118,Standard VMs - Claims
SIMXDWPASW119,Standard VMs - Claims
SIMXDWPASW120,Standard VMs - Claims
SIMXDWPASW121,Standard VMs - Claims
SIMXDWPASW122,Standard VMs - Claims
SIMXDWPASW123,Standard VMs - Claims
SIMXDWPASW124,Standard VMs - Claims
SIMXDWPASW125,Standard VMs - Claims
SIMXDWPASW126,Standard VMs - FrontEnd
SIMXDWPASW127,Standard VMs - FrontEnd
SIMXDWPASW128,Standard VMs - FrontEnd
SIMXDWPASW129,Standard VMs - FrontEnd
SIMXDWPASW130,Standard VMs - Provider
SIMXDWPASW131,Standard VMs - Provider
SIMXDWPASW132,Standard VMs - Provider
SIMXDWPASW133,Standard VMs - Provider
SIMXDWPASW134,Standard VMs - Provider
SIMXDWPASW135,Standard VMs - Provider
SIMXDWPASW136,Standard VMs - Provider
SIMXDWPASW137,Standard VMs - Provider
SIMXDWPASW138,Standard VMs - Provider
SIMXDWPASW139,Standard VMs - Provider
SIMXDWPASW140,Standard VMs - Provider
SIMXDWPASW141,Standard VMs - Provider
SIMXDWPASW142,Miscellaneous in Use
SIMXDWPASW143,Miscellaneous in Use
SIMXDWPASW144,Miscellaneous in Use
SIMXDWPASW145,Product Testing
SIMXDWPASW146,Product Testing
SIMXDWPASW147,Product Testing
SIMXDWPASW148,Product Testing
SIMXDWPASW149,Product Testing
SIMXDWPASW150,Product Testing
SIMXDWPASW151,Product Testing
SIMXDWPASW152,Product Testing
SIMXDWPASW153,Product Testing
SIMXDWPASW154,Product Testing
SIMXDWPASW155,Product Testing
SIMXDWPASW156,Product Testing
SIMXDWPASW157,Product Testing
SIMXDWPASW158,Product Testing
SIMXDWPASW159,Product Testing
SIMXDWPASW160,Unassigned
SIMXDWPASW161,Unassigned
SIMXDWPASW162,Unassigned
SIMXDWPASW163,Unassigned
SIMXDWPASW164,Unassigned
SIMXDWPASW165,Unassigned
SIMXDWPASW166,Unassigned
SIMXDWPASW167,Unassigned
SIMXDWPASW168,Unassigned
SIMXDWPASWV01,Power VMs - Development
SIMXDWPASWV02,Power VMs - BillingEnrollment
SIMXDWPASWV03,Power VMs - BillingEnrollment
SIMXDWPASWV04,Power VMs - Claims
SIMXDWPASWV05,Power VMs - Claims
SIMXDWPASWV06,Power VMs - FrontEnd
SIMXDWPASWV07,Power VMs - FrontEnd
SIMXDWPASWV08,Power VMs - Provider
SIMXDWPASWV09,Power VMs - Provider
SIMXDWPASWV10,Toad
SIMXDWPASWU01,Power VMs - Development
SIMXDWPASWU02,Power VMs - BillingEnrollment
SIMXDWPASWU03,Power VMs - Claims
SIMXDWPASWU04,Power VMs - FrontEnd
SIMXDWPASWU05,Power VMs - Provider
